Date,Open,High,Low,Close,Volume,Dividends,Stock Splits,Symbol
2023-11-01 00:00:00-04:00,170.12942412346382,173.34297566175312,169.25389942206778,173.0843048095703,56934900,0.0,0.0,AAPL
2023-11-02 00:00:00-04:00,174.62641877485564,176.87490748026258,174.56672666832972,176.66598510742188,77334800,0.0,0.0,AAPL
2023-11-03 00:00:00-04:00,173.35295219876363,175.91981927860365,172.46748378286242,175.75067138671875,79763700,0.0,0.0,AAPL
2023-11-06 00:00:00-05:00,175.4820538657156,178.51651416370188,175.31292115784572,178.31753540039062,63841300,0.0,0.0,AAPL
2023-11-07 00:00:00-05:00,178.26778904424575,181.51120213128718,178.05886665366,180.8943634033203,70530000,0.0,0.0,AAPL
2023-11-08 00:00:00-05:00,181.4216486820497,182.51603939170596,180.665508182576,181.95889282226562,49340300,0.0,0.0,AAPL
2023-11-09 00:00:00-05:00,182.02855674425712,183.1826396429678,180.88440228921007,181.48135375976562,53763500,0.0,0.0,AAPL
2023-11-10 00:00:00-05:00,183.27453648198352,185.8647137408318,182.83619738884556,185.69534301757812,66133400,0.24,0.0,AAPL
2023-11-13 00:00:00-05:00,185.1175429542476,185.3267405684616,183.51362870714988,184.1013946533203,43627500,0.0,0.0,AAPL
2023-11-14 00:00:00-05:00,186.99042643314226,187.3988801404597,185.59572499487004,186.73141479492188,60108400,0.0,0.0,AAPL
2023-11-15 00:00:00-05:00,187.13987177614973,188.78362815723474,187.0701291024632,187.29925537109375,53790500,0.0,0.0,AAPL
2023-11-16 00:00:00-05:00,188.85338872723497,190.23813359679093,187.93685316364744,188.99285888671875,54412900,0.0,0.0,AAPL
2023-11-17 00:00:00-05:00,189.53079624428992,189.66030966849544,187.85715445966235,188.97291564941406,50922700,0.0,0.0,AAPL
2023-11-20 00:00:00-05:00,189.1721570341783,191.18452507182084,189.16220030963925,190.72625732421875,46505100,0.0,0.0,AAPL
2023-11-21 00:00:00-05:00,190.68640490239304,190.79598967081523,189.0227199280596,189.9193115234375,38134500,0.0,0.0,AAPL
2023-11-22 00:00:00-05:00,190.76613471931282,192.20067846046405,190.10862600392616,190.58680725097656,39617700,0.0,0.0,AAPL
2023-11-24 00:00:00-05:00,190.14843790944465,190.1783232825699,188.53456695625997,189.25184631347656,24048300,0.0,0.0,AAPL
2023-11-27 00:00:00-05:00,189.20202317699906,189.9491878713485,188.1858749363745,189.072509765625,40552600,0.0,0.0,AAPL
2023-11-28 00:00:00-05:00,189.06255500942564,190.35764353332857,188.68398669599583,189.68020629882812,38415400,0.0,0.0,AAPL
2023-11-29 00:00:00-05:00,190.1783286463289,191.36383248408393,188.25563198255236,188.65411376953125,43014200,0.0,0.0,AAPL
2023-11-30 00:00:00-05:00,189.12233356607825,189.60052993998752,187.47857723394316,189.23191833496094,48794400,0.0,0.0,AAPL
2023-12-01 00:00:00-05:00,189.61049575839724,190.83584172296256,188.51464801700962,190.51705932617188,45679300,0.0,0.0,AAPL
2023-12-04 00:00:00-05:00,189.2618062982008,189.33154897076486,186.74137178051248,188.71388244628906,43389500,0.0,0.0,AAPL
2023-12-05 00:00:00-05:00,189.49095553635823,193.66510330405998,189.46105496038606,192.68881225585938,66628400,0.0,0.0,AAPL
2023-12-06 00:00:00-05:00,193.7149093352022,194.02373499680974,191.38375898522384,191.5929718017578,41089700,0.0,0.0,AAPL
2023-12-07 00:00:00-05:00,192.89803398525805,194.26285017082193,192.85817668285955,193.53561401367188,47477700,0.0,0.0,AAPL
2023-12-08 00:00:00-05:00,193.46586755393116,195.24910937429306,192.93787231577198,194.9701690673828,53377300,0.0,0.0,AAPL
2023-12-11 00:00:00-05:00,192.37999481273732,192.75856317871126,190.6963810180936,192.44972229003906,60943700,0.0,0.0,AAPL
2023-12-12 00:00:00-05:00,192.35011019828545,193.9839099721223,190.99525073697387,193.9739532470703,52696900,0.0,0.0,AAPL
2023-12-13 00:00:00-05:00,194.35249384296804,197.25149676182392,194.1134108483282,197.21165466308594,70404200,0.0,0.0,AAPL
2023-12-14 00:00:00-05:00,197.27142786027224,198.86537024837708,195.4184586232846,197.361083984375,66831600,0.0,0.0,AAPL
2023-12-15 00:00:00-05:00,196.78327807496208,197.64998435819683,196.25528284481834,196.82313537597656,128256700,0.0,0.0,AAPL
2023-12-18 00:00:00-05:00,195.34873127044764,195.88669845947197,193.6551606997669,195.1494903564453,55751900,0.0,0.0,AAPL
2023-12-19 00:00:00-05:00,195.41846071151812,196.2054675888958,195.14947713522938,196.1955108642578,40714100,0.0,0.0,AAPL
2023-12-20 00:00:00-05:00,196.1556575241543,196.93270769258373,194.09349060058594,194.09349060058594,52242800,0.0,0.0,AAPL
2023-12-21 00:00:00-05:00,195.35867601686434,196.3349670004207,192.76849889188017,193.94403076171875,46482500,0.0,0.0,AAPL
2023-12-22 00:00:00-05:00,194.44216262458167,194.6713041108371,192.24052549970972,192.86814880371094,37122800,0.0,0.0,AAPL
2023-12-26 00:00:00-05:00,192.87808625802475,193.15702654279883,192.10103615028186,192.32020568847656,28919300,0.0,0.0,AAPL
2023-12-27 00:00:00-05:00,191.7623368685013,192.7685133001503,190.36762015806895,192.41983032226562,48087700,0.0,0.0,AAPL
2023-12-28 00:00:00-05:00,193.4060861494978,193.92412463427104,192.43975185339073,192.84820556640625,34049900,0.0,0.0,AAPL
2023-12-29 00:00:00-05:00,193.1669858687692,193.6650956984474,191.00519103209842,191.8021697998047,42628800,0.0,0.0,AAPL
2024-01-02 00:00:00-05:00,186.44250337800963,187.72763525264537,183.1948327572495,184.93821716308594,82488700,0.0,0.0,AAPL
2024-01-03 00:00:00-05:00,183.5235814240684,185.17730965785773,182.73655940388082,183.553466796875,58414500,0.0,0.0,AAPL
2024-01-04 00:00:00-05:00,181.46141882335,182.39786780732265,180.1962307034869,181.2223358154297,71983600,0.0,0.0,AAPL
2024-01-05 00:00:00-05:00,181.30202210783074,182.06910030424723,179.48889502297928,180.4950714111328,62303300,0.0,0.0,AAPL
2024-01-08 00:00:00-05:00,181.40163701859532,184.8983778074419,180.81387105846133,184.8585205078125,59144500,0.0,0.0,AAPL
2024-01-09 00:00:00-05:00,183.2247200384055,184.4500659772401,182.03921619791834,184.4401092529297,42841800,0.0,0.0,AAPL
2024-01-10 00:00:00-05:00,183.65311956095468,185.69535791612557,183.224737157889,185.4861602783203,46792900,0.0,0.0,AAPL
2024-01-11 00:00:00-05:00,185.83481816060663,186.34289994181307,182.9258584292588,184.88841247558594,49128400,0.0,0.0,AAPL
2024-01-12 00:00:00-05:00,185.35663323460264,186.03407052890915,184.48992696797683,185.2171630859375,40444700,0.0,0.0,AAPL
2024-01-16 00:00:00-05:00,181.47137741288765,183.56342958397713,180.246016282922,182.93582153320312,65603000,0.0,0.0,AAPL
2024-01-17 00:00:00-05:00,180.58475215384107,182.2384653293606,179.61841781334914,181.98941040039062,47317400,0.0,0.0,AAPL
2024-01-18 00:00:00-05:00,185.38650949081125,188.4249824384652,185.12749785634605,187.9169158935547,78005800,0.0,0.0,AAPL
2024-01-19 00:00:00-05:00,188.61428024175586,191.22437102761134,188.1062136601058,190.83584594726562,68741000,0.0,0.0,AAPL
2024-01-22 00:00:00-05:00,191.5730425958912,194.59158693286403,191.53318529709307,193.1570281982422,60133900,0.0,0.0,AAPL
2024-01-23 00:00:00-05:00,194.2827703313563,195.01000645672423,193.09726645507456,194.44215393066406,42355600,0.0,0.0,AAPL
2024-01-24 00:00:00-05:00,194.68124499858735,195.63762256492572,193.6053259368713,193.7647247314453,53631300,0.0,0.0,AAPL
2024-01-25 00:00:00-05:00,194.48200782899013,195.5280415368865,192.37998368876055,193.43597412109375,54822100,0.0,0.0,AAPL
2024-01-26 00:00:00-05:00,193.5356089954636,194.0237469288864,191.21441522691208,191.69259643554688,44594000,0.0,0.0,AAPL
2024-01-29 00:00:00-05:00,191.28412827236747,191.4734124368057,188.8633218352395,191.00518798828125,47145600,0.0,0.0,AAPL
2024-01-30 00:00:00-05:00,190.21819361481354,191.07494317235538,186.7613100094732,187.3291473388672,55859400,0.0,0.0,AAPL
2024-01-31 00:00:00-05:00,186.3329308453054,186.3927167977895,183.65311255154307,183.70291137695312,55467800,0.0,0.0,AAPL
2024-02-01 00:00:00-05:00,183.2944796333469,186.2432816186692,183.12512409780064,186.15362548828125,64885400,0.0,0.0,AAPL
2024-02-02 00:00:00-05:00,179.18006916709078,186.62183126462077,178.57237456471196,185.14743041992188,102518000,0.0,0.0,AAPL
2024-02-05 00:00:00-05:00,187.43872923272858,188.53457697591082,185.13746417315204,186.9705047607422,69668800,0.0,0.0,AAPL
2024-02-06 00:00:00-05:00,186.15361780912454,188.59435308712352,186.0639616824351,188.5843963623047,43490800,0.0,0.0,AAPL
2024-02-07 00:00:00-05:00,189.91931565385622,190.3277693633227,187.89699095716847,188.6939697265625,53439000,0.0,0.0,AAPL
2024-02-08 00:00:00-05:00,188.67405573652303,188.82348261691075,186.64177415771547,187.6081085205078,40962000,0.0,0.0,AAPL
2024-02-09 00:00:00-05:00,188.17664931462193,189.51329866773182,187.52828632775376,188.37615966796875,45155200,0.24,0.0,AAPL
2024-02-12 00:00:00-05:00,187.94723765426946,188.19661038471307,186.32132258121607,186.680419921875,41781900,0.0,0.0,AAPL
2024-02-13 00:00:00-05:00,185.30389344552358,185.7427918879144,183.04955421333517,184.57571411132812,56529500,0.0,0.0,AAPL
2024-02-14 00:00:00-05:00,184.8550202478472,185.06448481263337,181.98224159532535,183.6879425048828,54630500,0.0,0.0,AAPL
2024-02-15 00:00:00-05:00,183.08946188989523,184.02710579243293,180.8949849042452,183.398681640625,65434500,0.0,0.0,AAPL
2024-02-16 00:00:00-05:00,182.9597697729581,184.38618960228064,181.21416078648454,181.85255432128906,49701400,0.0,0.0,AAPL
2024-02-20 00:00:00-05:00,181.33386505771242,181.97225862856678,179.54836303345672,181.1044464111328,53665600,0.0,0.0,AAPL
2024-02-21 00:00:00-05:00,181.48349741424192,182.4311107284463,180.20671027542915,181.862548828125,41529700,0.0,0.0,AAPL
2024-02-22 00:00:00-05:00,183.0196281071197,184.49592561431203,182.00219833655885,183.9073944091797,52292200,0.0,0.0,AAPL
2024-02-23 00:00:00-05:00,184.5457848212894,184.57570833046944,181.77276135358366,182.06204223632812,45119700,0.0,0.0,AAPL
2024-02-26 00:00:00-05:00,181.78275162000102,182.30143594214888,180.19672948194207,180.70545959472656,40867400,0.0,0.0,AAPL
2024-02-27 00:00:00-05:00,180.64560832701477,183.45852475422748,179.10946381541714,182.17176818847656,54318900,0.0,0.0,AAPL
2024-02-28 00:00:00-05:00,182.05205940605046,182.66052946629853,179.67804140451977,180.9647979736328,48953900,0.0,0.0,AAPL
2024-02-29 00:00:00-05:00,180.815177795749,182.11191899615906,179.0795381686922,180.29647827148438,136682600,0.0,0.0,AAPL
2024-03-01 00:00:00-05:00,179.0995039018238,180.07704077536846,176.93495035729424,179.209228515625,73488000,0.0,0.0,AAPL
2024-03-04 00:00:00-05:00,175.7080130413176,176.45613120394682,173.35393394742417,174.66065979003906,81510100,0.0,0.0,AAPL
2024-03-05 00:00:00-05:00,170.33155463049027,171.60834186998648,169.19441551967324,169.6931610107422,95132400,0.0,0.0,AAPL
2024-03-06 00:00:00-05:00,170.6307828835121,170.81033915171824,168.2567497827471,168.69564819335938,68587700,0.0,0.0,AAPL
2024-03-07 00:00:00-05:00,168.72557579533654,170.30161320782108,168.06724338394662,168.57595825195312,71765100,0.0,0.0,AAPL
2024-03-08 00:00:00-05:00,168.57595034963478,173.26415420874906,168.51610333508685,170.30160522460938,76114600,0.0,0.0,AAPL
2024-03-11 00:00:00-04:00,172.50608455061956,173.9424739307717,171.61831822823436,172.31655883789062,60139500,0.0,0.0,AAPL
2024-03-12 00:00:00-04:00,172.7155327686856,173.59332957799342,170.58090298100706,172.7953338623047,59825400,0.0,0.0,AAPL
2024-03-13 00:00:00-04:00,172.33650702549602,172.75545137696454,170.33154057571417,170.70062255859375,52488700,0.0,0.0,AAPL
2024-03-14 00:00:00-04:00,172.47616269554393,173.87264392825887,171.61831987530365,172.56593322753906,72913500,0.0,0.0,AAPL
2024-03-15 00:00:00-04:00,170.74051562789052,172.18687438964844,169.86271876480842,172.18687438964844,121664700,0.0,0.0,AAPL
2024-03-18 00:00:00-04:00,175.12948288729953,177.26411278337386,173.08462351841683,173.28411865234375,75604200,0.0,0.0,AAPL
2024-03-19 00:00:00-04:00,173.90255921354083,176.16686780995457,172.59584857462684,175.63819885253906,55215200,0.0,0.0,AAPL
2024-03-20 00:00:00-04:00,175.27911488071734,178.22171020507812,174.65069069756925,178.22171020507812,53423100,0.0,0.0,AAPL
2024-03-21 00:00:00-04:00,176.60577416012134,177.04467260947172,170.4113487190698,170.9400177001953,106181300,0.0,0.0,AAPL
2024-03-22 00:00:00-04:00,171.32903300964793,172.6158048054333,169.63330150885253,171.8477325439453,71106600,0.0,0.0,AAPL
2024-03-25 00:00:00-04:00,170.1420294503314,171.50858710740098,169.02482929677882,170.42132568359375,54288300,0.0,0.0,AAPL
2024-03-26 00:00:00-04:00,169.57346062327176,170.98989593848802,169.15451625289825,169.28419494628906,57388400,0.0,0.0,AAPL
2024-03-27 00:00:00-04:00,169.98241994308466,173.16441820000477,169.68316964303057,172.87513732910156,60273300,0.0,0.0,AAPL
2024-03-28 00:00:00-04:00,171.3190704702827,171.79786186400437,170.08217621428903,171.04974365234375,65672700,0.0,0.0,AAPL
2024-04-01 00:00:00-04:00,170.76047140500762,170.8203184243575,169.0547552510188,169.60337829589844,46240500,0.0,0.0,AAPL
2024-04-02 00:00:00-04:00,168.65575460153738,168.91509674293673,167.8078812915549,168.41635131835938,49329500,0.0,0.0,AAPL
2024-04-03 00:00:00-04:00,168.3664767037722,170.25173383313268,168.15701214523367,169.2243194580078,47691700,0.0,0.0,AAPL
2024-04-04 00:00:00-04:00,169.862720979973,171.4886360397026,168.39642333984375,168.39642333984375,53704400,0.0,0.0,AAPL
2024-04-05 00:00:00-04:00,169.16446466808637,169.96246036892836,168.52607115151318,169.1544952392578,42055200,0.0,0.0,AAPL
2024-04-08 00:00:00-04:00,168.60589031460577,168.77546194587757,167.81787917863633,168.02734375,37425500,0.0,0.0,AAPL
2024-04-09 00:00:00-04:00,168.27671057044998,169.65325287306834,167.92759789027352,169.24427795410156,42451200,0.0,0.0,AAPL
2024-04-10 00:00:00-04:00,168.3764690401373,168.66573470768245,166.6907069630718,167.35902404785156,49709300,0.0,0.0,AAPL
2024-04-11 00:00:00-04:00,167.9176136082712,175.0197591304819,167.73807255301605,174.60079956054688,91070300,0.0,0.0,AAPL
2024-04-12 00:00:00-04:00,173.82276241391455,177.9124812782121,173.77290004426743,176.10702514648438,101593300,0.0,0.0,AAPL
2024-04-15 00:00:00-04:00,174.91999737133082,176.18681502203364,172.06717291020246,172.25669860839844,73531800,0.0,0.0,AAPL
2024-04-16 00:00:00-04:00,171.31906570233667,173.32401697440633,167.84780155858056,168.95501708984375,73711200,0.0,0.0,AAPL
2024-04-17 00:00:00-04:00,169.18443695551,170.22182082390646,167.57847595214844,167.57847595214844,50901200,0.0,0.0,AAPL
2024-04-18 00:00:00-04:00,167.60840163815763,168.21687172113144,166.1321193068702,166.62088012695312,43122900,0.0,0.0,AAPL
2024-04-19 00:00:00-04:00,165.7929692214355,165.98247970725325,163.66830873342062,164.58599853515625,67772100,0.0,0.0,AAPL
2024-04-22 00:00:00-04:00,165.1046847536948,166.84030903901143,164.3565666388509,165.4238739013672,48116400,0.0,0.0,AAPL
2024-04-23 00:00:00-04:00,164.93511779278057,166.63084919015444,164.50618881351107,166.48121643066406,49537800,0.0,0.0,AAPL
2024-04-24 00:00:00-04:00,166.12212834894586,168.87521298334806,165.79296974487917,168.59591674804688,48251800,0.0,0.0,AAPL
2024-04-25 00:00:00-04:00,169.10463252247135,170.1819245302526,167.72809019800033,169.46372985839844,50558300,0.0,0.0,AAPL
2024-04-26 00:00:00-04:00,169.45376017564897,170.91008837659274,168.75550436424768,168.87521362304688,44838400,0.0,0.0,AAPL
2024-04-29 00:00:00-04:00,172.93498806378426,175.5883174432168,172.66567648639662,173.06466674804688,68169400,0.0,0.0,AAPL
2024-04-30 00:00:00-04:00,172.89510648752642,174.55094510114296,169.57345983027295,169.9026336669922,65934800,0.0,0.0,AAPL
2024-05-01 00:00:00-04:00,169.15450985940603,172.27666126931797,168.68568791540957,168.87521362304688,50383100,0.0,0.0,AAPL
2024-05-02 00:00:00-04:00,172.07714095067269,172.9848612765476,170.46121064520491,172.59584045410156,94214900,0.0,0.0,AAPL
2024-05-03 00:00:00-04:00,186.18166020430448,186.5307880883928,182.20168147231004,182.9198760986328,163224100,0.0,0.0,AAPL
2024-05-06 00:00:00-04:00,181.89248296216456,183.7378321090879,179.96731749133704,181.25408935546875,78569700,0.0,0.0,AAPL
2024-05-07 00:00:00-04:00,182.9896901956702,184.43604885883423,180.8650450721818,181.94232177734375,77305800,0.0,0.0,AAPL
2024-05-08 00:00:00-04:00,182.3912187494054,182.6106679669662,180.99472234488195,182.281494140625,45057100,0.0,0.0,AAPL
2024-05-09 00:00:00-04:00,182.1019366221584,184.19667360442534,181.65306876038784,184.10690307617188,48983000,0.0,0.0,AAPL
2024-05-10 00:00:00-04:00,184.68621556318556,184.87599832689259,181.91942916527435,182.83836364746094,50759500,0.25,0.0,AAPL
2024-05-13 00:00:00-04:00,185.225611031474,186.88369552554556,184.40655173639718,186.06463623046875,72044800,0.0,0.0,AAPL
2024-05-14 00:00:00-04:00,187.29321195228255,188.08230715884645,186.07462118962928,187.2133026123047,52393600,0.0,0.0,AAPL
2024-05-15 00:00:00-04:00,187.6927512010029,190.42957359114274,187.15336698785217,189.5006561279297,70400000,0.0,0.0,AAPL
2024-05-16 00:00:00-04:00,190.24979042229978,190.87906692858394,189.44072933773313,189.62051391601562,52845200,0.0,0.0,AAPL
2024-05-17 00:00:00-04:00,189.29089777212403,190.58939786133627,188.96127746355222,189.65048217773438,41282900,0.0,0.0,AAPL
2024-05-20 00:00:00-04:00,189.11110786674266,191.69810977923598,188.7914705191316,190.81912231445312,44361300,0.0,0.0,AAPL
2024-05-21 00:00:00-04:00,190.86907148104808,192.50717481837918,190.6992698520675,192.12762451171875,42309400,0.0,0.0,AAPL
2024-05-22 00:00:00-04:00,192.04771725232771,192.59708443506426,190.05002949048443,190.67929077148438,34648500,0.0,0.0,AAPL
2024-05-23 00:00:00-04:00,190.75919100120913,190.77917214539482,186.41422947138201,186.6639404296875,51005900,0.0,0.0,AAPL
2024-05-24 00:00:00-04:00,188.6016982061538,190.35965784997902,187.82258600140187,189.76034545898438,36294600,0.0,0.0,AAPL
2024-05-28 00:00:00-04:00,191.28858695639587,192.7768698320682,188.88138477648047,189.77035522460938,52280100,0.0,0.0,AAPL
2024-05-29 00:00:00-04:00,189.39078555405024,192.02773274385174,189.2908950712484,190.0699920654297,53068000,0.0,0.0,AAPL
2024-05-30 00:00:00-04:00,190.5394463789207,191.95780280983485,190.40960704305542,191.06883239746094,49947900,0.0,0.0,AAPL
2024-05-31 00:00:00-04:00,191.2186641606353,192.34736255924997,189.69043432876362,192.02772521972656,75158300,0.0,0.0,AAPL
2024-06-03 00:00:00-04:00,192.67696567521375,194.76456083029888,192.29741538977316,193.8056640625,50080500,0.0,0.0,AAPL
2024-06-04 00:00:00-04:00,194.414963181449,195.09418491376067,192.80682399954836,194.12530517578125,47471400,0.0,0.0,AAPL
2024-06-05 00:00:00-04:00,195.17408160134354,196.6723473717975,194.64469558174162,195.64353942871094,54156800,0.0,0.0,AAPL
2024-06-06 00:00:00-04:00,195.46374994249493,196.27281099963508,193.94550306571446,194.25514221191406,41181800,0.0,0.0,AAPL
2024-06-07 00:00:00-04:00,194.4249530208514,196.71231401609788,193.9155481344315,196.66236877441406,53103900,0.0,0.0,AAPL
2024-06-10 00:00:00-04:00,196.67234166962024,197.07188834151233,191.9278335340749,192.89671325683594,97262100,0.0,0.0,AAPL
2024-06-11 00:00:00-04:00,193.4261003259925,206.92049013592867,193.40613442314833,206.91049194335938,172373300,0.0,0.0,AAPL
2024-06-12 00:00:00-04:00,207.13024721546452,219.94541582044732,206.6607893800588,212.82366943359375,198134300,0.0,0.0,AAPL
2024-06-13 00:00:00-04:00,214.49173148985017,216.49940211957852,211.3553624447995,213.9923095703125,97862700,0.0,0.0,AAPL
2024-06-14 00:00:00-04:00,213.60276725932692,214.9212332396349,211.05571234780385,212.2443389892578,70122700,0.0,0.0,AAPL
2024-06-17 00:00:00-04:00,213.12330688362184,218.6968573821251,212.4740644791458,216.41949462890625,93728300,0.0,0.0,AAPL
2024-06-18 00:00:00-04:00,217.3384239953892,218.37723010733959,212.75373450133438,214.042236328125,79943300,0.0,0.0,AAPL
2024-06-20 00:00:00-04:00,213.68266276066225,213.99231716432826,208.6085492903026,209.4375762939453,86172500,0.0,0.0,AAPL
2024-06-21 00:00:00-04:00,210.14676322476728,211.64502904420556,206.8705565188874,207.2501220703125,246421400,0.0,0.0,AAPL
2024-06-24 00:00:00-04:00,207.4798404499802,212.454078428602,206.3511420510979,207.89935302734375,80727000,0.0,0.0,AAPL
2024-06-25 00:00:00-04:00,208.9081869431628,211.1356197216104,208.36881796558913,208.8282928466797,56713900,0.0,0.0,AAPL
2024-06-26 00:00:00-04:00,211.2554717695587,214.61158767540186,210.39646545910043,213.00344848632812,66213200,0.0,0.0,AAPL
2024-06-27 00:00:00-04:00,214.4417922510153,215.4905813596252,212.1045012600432,213.85247802734375,49772700,0.0,0.0,AAPL
2024-06-28 00:00:00-04:00,215.52053491072314,215.82019110439893,210.0568580061261,210.37648010253906,82542700,0.0,0.0,AAPL
2024-07-01 00:00:00-04:00,211.84478889932726,217.25852074788511,211.67498727343576,216.49940490722656,60402900,0.0,0.0,AAPL
2024-07-02 00:00:00-04:00,215.90008813229406,220.12520851414416,214.8513143018939,220.0153350830078,58046200,0.0,0.0,AAPL
2024-07-03 00:00:00-04:00,219.7456427738116,221.29385375976562,218.77676303865346,221.29385375976562,37369800,0.0,0.0,AAPL
2024-07-05 00:00:00-04:00,221.39372811908063,226.1881815360653,221.39372811908063,226.07830810546875,60412400,0.0,0.0,AAPL
2024-07-08 00:00:00-04:00,226.82744313327814,227.58657420321984,222.99188645966368,227.55661010742188,59085900,0.0,0.0,AAPL
2024-07-09 00:00:00-04:00,227.66647075237483,229.13477242689476,226.10827678949187,228.4156036376953,48076100,0.0,0.0,AAPL
2024-07-10 00:00:00-04:00,229.03489432853675,232.81052280414056,228.98494908857583,232.71063232421875,62627700,0.0,0.0,AAPL
2024-07-11 00:00:00-04:00,231.12247556848655,232.12131940866172,225.50897806386928,227.30690002441406,64710600,0.0,0.0,AAPL
2024-07-12 00:00:00-04:00,228.65533061100126,232.3710309246342,228.4156026019726,230.27345275878906,53046500,0.0,0.0,AAPL
2024-07-15 00:00:00-04:00,236.2065948881155,236.95572779308304,232.82051476730805,234.12899780273438,62631300,0.0,0.0,AAPL
2024-07-16 00:00:00-04:00,234.72830752859608,235.9968435006337,232.06139624646423,234.54852294921875,43234300,0.0,0.0,AAPL
2024-07-17 00:00:00-04:00,229.1847200362218,231.19240594396558,226.37797123546218,228.61538696289062,57345900,0.0,0.0,AAPL
2024-07-18 00:00:00-04:00,230.01376046370817,230.17357913751758,222.01302671532576,223.92080688476562,66034600,0.0,0.0,AAPL
2024-07-19 00:00:00-04:00,224.56007929212146,226.53778582663386,223.02185124438603,224.0506591796875,49151500,0.0,0.0,AAPL
2024-07-22 00:00:00-04:00,226.74754193953342,227.5166559886428,222.8320757894778,223.70108032226562,48201800,0.0,0.0,AAPL
2024-07-23 00:00:00-04:00,224.1105879628454,226.67762395265615,222.42253943120292,224.74984741210938,39960300,0.0,0.0,AAPL
2024-07-24 00:00:00-04:00,223.74101699336492,224.54009510228497,216.8789647868516,218.28732299804688,61777600,0.0,0.0,AAPL
2024-07-25 00:00:00-04:00,218.67687825947047,220.59467187678908,214.37186367512805,217.23855590820312,51391200,0.0,0.0,AAPL
2024-07-26 00:00:00-04:00,218.44714249209272,219.2362376525438,215.7602501518015,217.7080078125,41601300,0.0,0.0,AAPL
2024-07-29 00:00:00-04:00,216.70916725528429,219.04645819403996,215.50055949707524,217.98768615722656,36311800,0.0,0.0,AAPL
2024-07-30 00:00:00-04:00,218.93659134819188,220.07527275577738,215.87013333691414,218.5470428466797,41643800,0.0,0.0,AAPL
2024-07-31 00:00:00-04:00,221.1839827384757,223.56123595882272,220.3749216653048,221.8232421875,50036300,0.0,0.0,AAPL
2024-08-01 00:00:00-04:00,224.110590003871,224.22046343714268,216.7690968426558,218.1075439453125,62501000,0.0,0.0,AAPL
2024-08-02 00:00:00-04:00,218.89661861998934,225.3391734979224,217.45829631147987,219.60580444335938,105568600,0.0,0.0,AAPL
2024-08-05 00:00:00-04:00,198.85982239251607,213.25316621507156,195.7733984925247,209.02806091308594,119548600,0.0,0.0,AAPL
2024-08-06 00:00:00-04:00,205.06264094927153,209.7472209414639,200.8375358240923,206.9904022216797,69660500,0.0,0.0,AAPL
2024-08-07 00:00:00-04:00,206.66078565300305,213.3929986622491,206.15138077832643,209.57742309570312,63516400,0.0,0.0,AAPL
2024-08-08 00:00:00-04:00,212.86361928255258,213.95235545083946,208.5885687073719,213.06338500976562,47161100,0.0,0.0,AAPL
2024-08-09 00:00:00-04:00,211.85479245119006,216.5293744807485,211.72493786998632,215.99000549316406,42201600,0.0,0.0,AAPL
2024-08-12 00:00:00-04:00,216.07000732421875,219.50999450683594,215.60000610351562,217.52999877929688,38028100,0.25,0.0,AAPL
2024-08-13 00:00:00-04:00,219.00999450683594,221.88999938964844,219.00999450683594,221.27000427246094,44155300,0.0,0.0,AAPL
2024-08-14 00:00:00-04:00,220.57000732421875,223.02999877929688,219.6999969482422,221.72000122070312,41960600,0.0,0.0,AAPL
2024-08-15 00:00:00-04:00,224.60000610351562,225.35000610351562,222.75999450683594,224.72000122070312,46414000,0.0,0.0,AAPL
2024-08-16 00:00:00-04:00,223.9199981689453,226.8300018310547,223.64999389648438,226.0500030517578,44340200,0.0,0.0,AAPL
2024-08-19 00:00:00-04:00,225.72000122070312,225.99000549316406,223.0399932861328,225.88999938964844,40687800,0.0,0.0,AAPL
2024-08-20 00:00:00-04:00,225.77000427246094,227.1699981689453,225.4499969482422,226.50999450683594,30299000,0.0,0.0,AAPL
2024-08-21 00:00:00-04:00,226.52000427246094,227.97999572753906,225.0500030517578,226.39999389648438,34765500,0.0,0.0,AAPL
2024-08-22 00:00:00-04:00,227.7899932861328,228.33999633789062,223.89999389648438,224.52999877929688,43695300,0.0,0.0,AAPL
2024-08-23 00:00:00-04:00,225.66000366210938,228.22000122070312,224.3300018310547,226.83999633789062,38677300,0.0,0.0,AAPL
2024-08-26 00:00:00-04:00,226.75999450683594,227.27999877929688,223.88999938964844,227.17999267578125,30602200,0.0,0.0,AAPL
2024-08-27 00:00:00-04:00,226.0,228.85000610351562,224.88999938964844,228.02999877929688,35934600,0.0,0.0,AAPL
2024-08-28 00:00:00-04:00,227.9199981689453,229.86000061035156,225.67999267578125,226.49000549316406,38052200,0.0,0.0,AAPL
2024-08-29 00:00:00-04:00,230.10000610351562,232.9199981689453,228.8800048828125,229.7899932861328,51906300,0.0,0.0,AAPL
2024-08-30 00:00:00-04:00,230.19000244140625,230.39999389648438,227.47999572753906,229.0,52990800,0.0,0.0,AAPL
2024-09-03 00:00:00-04:00,228.5500030517578,229.0,221.1699981689453,222.77000427246094,50190600,0.0,0.0,AAPL
2024-09-04 00:00:00-04:00,221.66000366210938,221.77999877929688,217.47999572753906,220.85000610351562,43840200,0.0,0.0,AAPL
2024-09-05 00:00:00-04:00,221.6300048828125,225.47999572753906,221.52000427246094,222.3800048828125,36615400,0.0,0.0,AAPL
2024-09-06 00:00:00-04:00,223.9499969482422,225.24000549316406,219.77000427246094,220.82000732421875,48423000,0.0,0.0,AAPL
2024-09-09 00:00:00-04:00,220.82000732421875,221.27000427246094,216.7100067138672,220.91000366210938,67180000,0.0,0.0,AAPL
2024-09-10 00:00:00-04:00,218.9199981689453,221.47999572753906,216.72999572753906,220.11000061035156,51591000,0.0,0.0,AAPL
2024-09-11 00:00:00-04:00,221.4600067138672,223.08999633789062,217.88999938964844,222.66000366210938,44587100,0.0,0.0,AAPL
2024-09-12 00:00:00-04:00,222.5,223.5500030517578,219.82000732421875,222.77000427246094,37498200,0.0,0.0,AAPL
2024-09-13 00:00:00-04:00,223.5800018310547,224.0399932861328,221.91000366210938,222.5,36766600,0.0,0.0,AAPL
2024-09-16 00:00:00-04:00,216.5399932861328,217.22000122070312,213.9199981689453,216.32000732421875,59357400,0.0,0.0,AAPL
2024-09-17 00:00:00-04:00,215.75,216.89999389648438,214.5,216.7899932861328,45519300,0.0,0.0,AAPL
2024-09-18 00:00:00-04:00,217.5500030517578,222.7100067138672,217.5399932861328,220.69000244140625,59894900,0.0,0.0,AAPL
2024-09-19 00:00:00-04:00,224.99000549316406,229.82000732421875,224.6300048828125,228.8699951171875,66781300,0.0,0.0,AAPL
2024-09-20 00:00:00-04:00,229.97000122070312,233.08999633789062,227.6199951171875,228.1999969482422,318679900,0.0,0.0,AAPL
2024-09-23 00:00:00-04:00,227.33999633789062,229.4499969482422,225.80999755859375,226.47000122070312,54146000,0.0,0.0,AAPL
2024-09-24 00:00:00-04:00,228.64999389648438,229.35000610351562,225.72999572753906,227.3699951171875,43556100,0.0,0.0,AAPL
2024-09-25 00:00:00-04:00,224.92999267578125,227.2899932861328,224.02000427246094,226.3699951171875,42308700,0.0,0.0,AAPL
2024-09-26 00:00:00-04:00,227.3000030517578,228.5,225.41000366210938,227.52000427246094,36636700,0.0,0.0,AAPL
2024-09-27 00:00:00-04:00,228.4600067138672,229.52000427246094,227.3000030517578,227.7899932861328,34026000,0.0,0.0,AAPL
2024-09-30 00:00:00-04:00,230.0399932861328,233.0,229.64999389648438,233.0,54541900,0.0,0.0,AAPL
2024-10-01 00:00:00-04:00,229.52000427246094,229.64999389648438,223.74000549316406,226.2100067138672,63285000,0.0,0.0,AAPL
2024-10-02 00:00:00-04:00,225.88999938964844,227.3699951171875,223.02000427246094,226.77999877929688,32880600,0.0,0.0,AAPL
2024-10-03 00:00:00-04:00,225.13999938964844,226.80999755859375,223.32000732421875,225.6699981689453,34044200,0.0,0.0,AAPL
2024-10-04 00:00:00-04:00,227.89999389648438,228.0,224.1300048828125,226.8000030517578,37245100,0.0,0.0,AAPL
2024-10-07 00:00:00-04:00,224.5,225.69000244140625,221.3300018310547,221.69000244140625,39505400,0.0,0.0,AAPL
2024-10-08 00:00:00-04:00,224.3000030517578,225.97999572753906,223.25,225.77000427246094,31855700,0.0,0.0,AAPL
2024-10-09 00:00:00-04:00,225.22999572753906,229.75,224.8300018310547,229.5399932861328,33591100,0.0,0.0,AAPL
2024-10-10 00:00:00-04:00,227.77999877929688,229.5,227.1699981689453,229.0399932861328,28183500,0.0,0.0,AAPL
2024-10-11 00:00:00-04:00,229.3000030517578,229.41000366210938,227.33999633789062,227.5500030517578,31759200,0.0,0.0,AAPL
2024-10-14 00:00:00-04:00,228.6999969482422,231.72999572753906,228.60000610351562,231.3000030517578,39882100,0.0,0.0,AAPL
2024-10-15 00:00:00-04:00,233.61000061035156,237.49000549316406,232.3699951171875,233.85000610351562,64751400,0.0,0.0,AAPL
2024-10-16 00:00:00-04:00,231.60000610351562,232.1199951171875,229.83999633789062,231.77999877929688,34082200,0.0,0.0,AAPL
2024-10-17 00:00:00-04:00,233.42999267578125,233.85000610351562,230.52000427246094,232.14999389648438,32993800,0.0,0.0,AAPL
2024-10-18 00:00:00-04:00,236.17999267578125,236.17999267578125,234.00999450683594,235.0,46431500,0.0,0.0,AAPL
2024-10-21 00:00:00-04:00,234.4499969482422,236.85000610351562,234.4499969482422,236.47999572753906,36254500,0.0,0.0,AAPL
2024-10-22 00:00:00-04:00,233.88999938964844,236.22000122070312,232.60000610351562,235.86000061035156,38846600,0.0,0.0,AAPL
2024-10-23 00:00:00-04:00,234.0800018310547,235.13999938964844,227.75999450683594,230.75999450683594,52287000,0.0,0.0,AAPL
2024-10-24 00:00:00-04:00,229.97999572753906,230.82000732421875,228.41000366210938,230.57000732421875,31109500,0.0,0.0,AAPL
2024-10-25 00:00:00-04:00,229.74000549316406,233.22000122070312,229.57000732421875,231.41000366210938,38802300,0.0,0.0,AAPL
2024-10-28 00:00:00-04:00,233.32000732421875,234.72999572753906,232.5500030517578,233.39999389648438,36087100,0.0,0.0,AAPL
2024-10-29 00:00:00-04:00,233.10000610351562,234.3300018310547,232.32000732421875,233.6699981689453,35417200,0.0,0.0,AAPL
2024-10-30 00:00:00-04:00,232.61000061035156,233.47000122070312,229.5500030517578,230.10000610351562,47070900,0.0,0.0,AAPL
2024-10-31 00:00:00-04:00,229.33999633789062,229.8300018310547,225.3699951171875,225.91000366210938,63960700,0.0,0.0,AAPL
2023-11-01 00:00:00-04:00,170.12943912175612,173.34299094334614,169.25391434317544,173.08432006835938,56934900,0.0,0.0,AAPL
2023-11-02 00:00:00-04:00,174.62641877485564,176.87490748026258,174.56672666832972,176.66598510742188,77334800,0.0,0.0,AAPL
2023-11-03 00:00:00-04:00,173.35295219876363,175.91981927860365,172.46748378286242,175.75067138671875,79763700,0.0,0.0,AAPL
2023-11-06 00:00:00-05:00,175.4820538657156,178.51651416370188,175.31292115784572,178.31753540039062,63841300,0.0,0.0,AAPL
2023-11-07 00:00:00-05:00,178.26778904424575,181.51120213128718,178.05886665366,180.8943634033203,70530000,0.0,0.0,AAPL
2023-11-08 00:00:00-05:00,181.4216486820497,182.51603939170596,180.665508182576,181.95889282226562,49340300,0.0,0.0,AAPL
2023-11-09 00:00:00-05:00,182.02854143945973,183.18262424113618,180.88438708061216,181.48133850097656,53763500,0.0,0.0,AAPL
2023-11-10 00:00:00-05:00,183.27453648198352,185.8647137408318,182.83619738884556,185.69534301757812,66133400,0.24,0.0,AAPL
2023-11-13 00:00:00-05:00,185.1175429542476,185.3267405684616,183.51362870714988,184.1013946533203,43627500,0.0,0.0,AAPL
2023-11-14 00:00:00-05:00,186.99042643314226,187.3988801404597,185.59572499487004,186.73141479492188,60108400,0.0,0.0,AAPL
2023-11-15 00:00:00-05:00,187.13988702195422,188.78364353695187,187.07014434258593,187.2992706298828,53790500,0.0,0.0,AAPL
2023-11-16 00:00:00-05:00,188.85337347970633,190.2381182374616,187.9368379901175,188.9928436279297,54412900,0.0,0.0,AAPL
2023-11-17 00:00:00-05:00,189.53079624428992,189.66030966849544,187.85715445966235,188.97291564941406,50922700,0.0,0.0,AAPL
2023-11-20 00:00:00-05:00,189.1721570341783,191.18452507182084,189.16220030963925,190.72625732421875,46505100,0.0,0.0,AAPL
2023-11-21 00:00:00-05:00,190.6864202228131,190.79600500003974,189.02273511481332,189.91932678222656,38134500,0.0,0.0,AAPL
2023-11-22 00:00:00-05:00,190.7661194461664,192.20066307246498,190.10861078342128,190.5867919921875,39617700,0.0,0.0,AAPL
2023-11-24 00:00:00-05:00,190.14845324052308,190.1783386160579,188.53458215721702,189.25186157226562,24048300,0.0,0.0,AAPL
2023-11-27 00:00:00-05:00,189.2020537154815,189.9492185304284,188.18590531084376,189.07254028320312,40552600,0.0,0.0,AAPL
2023-11-28 00:00:00-05:00,189.06257021852784,190.35765884661393,188.68400187464417,189.6802215576172,38415400,0.0,0.0,AAPL
2023-11-29 00:00:00-05:00,190.17834402840006,191.3638479620414,188.25564720911126,188.6541290283203,43014200,0.0,0.0,AAPL
2023-11-30 00:00:00-05:00,189.1223488160309,189.6005452284997,187.47859235135087,189.23193359375,48794400,0.0,0.0,AAPL
2023-12-01 00:00:00-05:00,189.61049575839724,190.83584172296256,188.51464801700962,190.51705932617188,45679300,0.0,0.0,AAPL
2023-12-04 00:00:00-05:00,189.26182160129318,189.3315642794964,186.74138687981073,188.71389770507812,43389500,0.0,0.0,AAPL
2023-12-05 00:00:00-05:00,189.49095553635823,193.66510330405998,189.46105496038606,192.68881225585938,66628400,0.0,0.0,AAPL
2023-12-06 00:00:00-05:00,193.71492476298596,194.0237504491889,191.38377422735084,191.59298706054688,41089700,0.0,0.0,AAPL
2023-12-07 00:00:00-05:00,192.89801877673727,194.2628348546959,192.8581614774812,193.5355987548828,47477700,0.0,0.0,AAPL
2023-12-08 00:00:00-05:00,193.46585241287198,195.2490940936735,192.9378572160349,194.97015380859375,53377300,0.0,0.0,AAPL
2023-12-11 00:00:00-05:00,192.37997955947677,192.75854789543507,190.69636589832197,192.44970703125,60943700,0.0,0.0,AAPL
2023-12-12 00:00:00-05:00,192.35011019828545,193.9839099721223,190.99525073697387,193.9739532470703,52696900,0.0,0.0,AAPL
2023-12-13 00:00:00-05:00,194.35249384296804,197.25149676182392,194.1134108483282,197.21165466308594,70404200,0.0,0.0,AAPL
2023-12-14 00:00:00-05:00,197.27141260841486,198.86535487328553,195.41844351468782,197.36106872558594,66831600,0.0,0.0,AAPL
2023-12-15 00:00:00-05:00,196.78326281926297,197.649969035306,196.25526763005226,196.8231201171875,128256700,0.0,0.0,AAPL
2023-12-18 00:00:00-05:00,195.34871599607987,195.88668314304041,193.65514555781985,195.14947509765625,55751900,0.0,0.0,AAPL
2023-12-19 00:00:00-05:00,195.41846071151812,196.2054675888958,195.14947713522938,196.1955108642578,40714100,0.0,0.0,AAPL
2023-12-20 00:00:00-05:00,196.1556575241543,196.93270769258373,194.09349060058594,194.09349060058594,52242800,0.0,0.0,AAPL
2023-12-21 00:00:00-05:00,195.35867601686434,196.3349670004207,192.76849889188017,193.94403076171875,46482500,0.0,0.0,AAPL
2023-12-22 00:00:00-05:00,194.44214724126428,194.67128870939118,192.24051029057514,192.86813354492188,37122800,0.0,0.0,AAPL
2023-12-26 00:00:00-05:00,192.87810156107636,193.15704186798172,192.1010513916819,192.32022094726562,28919300,0.0,0.0,AAPL
2023-12-27 00:00:00-05:00,191.7623368685013,192.7685133001503,190.36762015806895,192.41983032226562,48087700,0.0,0.0,AAPL
2023-12-28 00:00:00-05:00,193.40610145242823,193.92413997819037,192.43976707986155,192.8482208251953,34049900,0.0,0.0,AAPL
2023-12-29 00:00:00-05:00,193.1669858687692,193.6650956984474,191.00519103209842,191.8021697998047,42628800,0.0,0.0,AAPL
2024-01-02 00:00:00-05:00,186.44250337800963,187.72763525264537,183.1948327572495,184.93821716308594,82488700,0.0,0.0,AAPL
2024-01-03 00:00:00-05:00,183.5235814240684,185.17730965785773,182.73655940388082,183.553466796875,58414500,0.0,0.0,AAPL
2024-01-04 00:00:00-05:00,181.46141882335,182.39786780732265,180.1962307034869,181.2223358154297,71983600,0.0,0.0,AAPL
2024-01-05 00:00:00-05:00,181.30202210783074,182.06910030424723,179.48889502297928,180.4950714111328,62303300,0.0,0.0,AAPL
2024-01-08 00:00:00-05:00,181.40163701859532,184.8983778074419,180.81387105846133,184.8585205078125,59144500,0.0,0.0,AAPL
2024-01-09 00:00:00-05:00,183.2247200384055,184.4500659772401,182.03921619791834,184.4401092529297,42841800,0.0,0.0,AAPL
2024-01-10 00:00:00-05:00,183.65310445295844,185.69534264012714,183.2247220851331,185.48614501953125,46792900,0.0,0.0,AAPL
2024-01-11 00:00:00-05:00,185.83481816060663,186.34289994181307,182.9258584292588,184.88841247558594,49128400,0.0,0.0,AAPL
2024-01-12 00:00:00-05:00,185.35663323460264,186.03407052890915,184.48992696797683,185.2171630859375,40444700,0.0,0.0,AAPL
2024-01-16 00:00:00-05:00,181.47137741288765,183.56342958397713,180.246016282922,182.93582153320312,65603000,0.0,0.0,AAPL
2024-01-17 00:00:00-05:00,180.5847370128247,182.23845004968965,179.61840275335445,181.98939514160156,47317400,0.0,0.0,AAPL
2024-01-18 00:00:00-05:00,185.3865245441322,188.4249977385091,185.12751288863532,187.91693115234375,78005800,0.0,0.0,AAPL
2024-01-19 00:00:00-05:00,188.61428024175586,191.22437102761134,188.1062136601058,190.83584594726562,68741000,0.0,0.0,AAPL
2024-01-22 00:00:00-05:00,191.5730425958912,194.59158693286403,191.53318529709307,193.1570281982422,60133900,0.0,0.0,AAPL
2024-01-23 00:00:00-05:00,194.2827703313563,195.01000645672423,193.09726645507456,194.44215393066406,42355600,0.0,0.0,AAPL
2024-01-24 00:00:00-05:00,194.68124499858735,195.63762256492572,193.6053259368713,193.7647247314453,53631300,0.0,0.0,AAPL
2024-01-25 00:00:00-05:00,194.48202317029336,195.52805696070388,192.37999886425004,193.4359893798828,54822100,0.0,0.0,AAPL
2024-01-26 00:00:00-05:00,193.53559358997018,194.02373148453705,191.2144000061864,191.6925811767578,44594000,0.0,0.0,AAPL
2024-01-29 00:00:00-05:00,191.28414355344017,191.4734277329997,188.86333692292177,191.0052032470703,47145600,0.0,0.0,AAPL
2024-01-30 00:00:00-05:00,190.21817812069887,191.07492760845466,186.761294796937,187.32913208007812,55859400,0.0,0.0,AAPL
2024-01-31 00:00:00-05:00,186.3329308453054,186.3927167977895,183.65311255154307,183.70291137695312,55467800,0.0,0.0,AAPL
2024-02-01 00:00:00-05:00,183.2944796333469,186.2432816186692,183.12512409780064,186.15362548828125,64885400,0.0,0.0,AAPL
2024-02-02 00:00:00-05:00,179.18006916709078,186.62183126462077,178.57237456471196,185.14743041992188,102518000,0.0,0.0,AAPL
2024-02-05 00:00:00-05:00,187.43872923272858,188.53457697591082,185.13746417315204,186.9705047607422,69668800,0.0,0.0,AAPL
2024-02-06 00:00:00-05:00,186.15360274701527,188.59433782752885,186.0639466275801,188.58438110351562,43490800,0.0,0.0,AAPL
2024-02-07 00:00:00-05:00,189.91931565385622,190.3277693633227,187.89699095716847,188.6939697265625,53439000,0.0,0.0,AAPL
2024-02-08 00:00:00-05:00,188.67404039103695,188.8234672592713,186.6417589775216,187.60809326171875,40962000,0.0,0.0,AAPL
2024-02-09 00:00:00-05:00,188.17664931462193,189.51329866773182,187.52828632775376,188.37615966796875,45155200,0.24,0.0,AAPL
2024-02-12 00:00:00-05:00,187.94723765426946,188.19661038471307,186.32132258121607,186.680419921875,41781900,0.0,0.0,AAPL
2024-02-13 00:00:00-05:00,185.30389344552358,185.7427918879144,183.04955421333517,184.57571411132812,56529500,0.0,0.0,AAPL
2024-02-14 00:00:00-05:00,184.8550202478472,185.06448481263337,181.98224159532535,183.6879425048828,54630500,0.0,0.0,AAPL
2024-02-15 00:00:00-05:00,183.08946188989523,184.02710579243293,180.8949849042452,183.398681640625,65434500,0.0,0.0,AAPL
2024-02-16 00:00:00-05:00,182.9597697729581,184.38618960228064,181.21416078648454,181.85255432128906,49701400,0.0,0.0,AAPL
2024-02-20 00:00:00-05:00,181.33386505771242,181.97225862856678,179.54836303345672,181.1044464111328,53665600,0.0,0.0,AAPL
2024-02-21 00:00:00-05:00,181.48349741424192,182.4311107284463,180.20671027542915,181.862548828125,41529700,0.0,0.0,AAPL
2024-02-22 00:00:00-05:00,183.01961292198857,184.49591030669256,182.00218323584383,183.90737915039062,52292200,0.0,0.0,AAPL
2024-02-23 00:00:00-05:00,184.54580028824324,184.57572379993118,181.7727765881278,182.0620574951172,45119700,0.0,0.0,AAPL
2024-02-26 00:00:00-05:00,181.78275162000102,182.30143594214888,180.19672948194207,180.70545959472656,40867400,0.0,0.0,AAPL
2024-02-27 00:00:00-05:00,180.64560832701477,183.45852475422748,179.10946381541714,182.17176818847656,54318900,0.0,0.0,AAPL
2024-02-28 00:00:00-05:00,182.05205940605046,182.66052946629853,179.67804140451977,180.9647979736328,48953900,0.0,0.0,AAPL
2024-02-29 00:00:00-05:00,180.815177795749,182.11191899615906,179.0795381686922,180.29647827148438,136682600,0.0,0.0,AAPL
2024-03-01 00:00:00-05:00,179.09948865237723,180.07702544268943,176.93493529214885,179.20921325683594,73488000,0.0,0.0,AAPL
2024-03-04 00:00:00-05:00,175.7080130413176,176.45613120394682,173.35393394742417,174.66065979003906,81510100,0.0,0.0,AAPL
2024-03-05 00:00:00-05:00,170.33153931429695,171.60832643898456,169.1944003057313,169.69314575195312,95132400,0.0,0.0,AAPL
2024-03-06 00:00:00-05:00,170.63079831733714,170.81035460178447,168.2567650018371,168.69566345214844,68587700,0.0,0.0,AAPL
2024-03-07 00:00:00-05:00,168.72557579533654,170.30161320782108,168.06724338394662,168.57595825195312,71765100,0.0,0.0,AAPL
2024-03-08 00:00:00-05:00,168.57596545380756,173.26416973297842,168.51611843389742,170.30162048339844,76114600,0.0,0.0,AAPL
2024-03-11 00:00:00-04:00,172.50608455061956,173.9424739307717,171.61831822823436,172.31655883789062,60139500,0.0,0.0,AAPL
2024-03-12 00:00:00-04:00,172.7155327686856,173.59332957799342,170.58090298100706,172.7953338623047,59825400,0.0,0.0,AAPL
2024-03-13 00:00:00-04:00,172.33650702549602,172.75545137696454,170.33154057571417,170.70062255859375,52488700,0.0,0.0,AAPL
2024-03-14 00:00:00-04:00,172.47616269554393,173.87264392825887,171.61831987530365,172.56593322753906,72913500,0.0,0.0,AAPL
2024-03-15 00:00:00-04:00,170.74051562789052,172.18687438964844,169.86271876480842,172.18687438964844,121664700,0.0,0.0,AAPL
2024-03-18 00:00:00-04:00,175.12948288729953,177.26411278337386,173.08462351841683,173.28411865234375,75604200,0.0,0.0,AAPL
2024-03-19 00:00:00-04:00,173.90257432154402,176.16688311467243,172.5958635691079,175.63821411132812,55215200,0.0,0.0,AAPL
2024-03-20 00:00:00-04:00,175.27909987386417,178.22169494628906,174.6506757445198,178.22169494628906,53423100,0.0,0.0,AAPL
2024-03-21 00:00:00-04:00,176.60575839558425,177.04465680575677,170.41133350747182,170.94000244140625,106181300,0.0,0.0,AAPL
2024-03-22 00:00:00-04:00,171.3290177969155,172.61578947844518,169.63328644668832,171.84771728515625,71106600,0.0,0.0,AAPL
2024-03-25 00:00:00-04:00,170.1420294503314,171.50858710740098,169.02482929677882,170.42132568359375,54288300,0.0,0.0,AAPL
2024-03-26 00:00:00-04:00,169.57344533840913,170.989880525952,169.15450100579807,169.2841796875,57388400,0.0,0.0,AAPL
2024-03-27 00:00:00-04:00,169.98241994308466,173.16441820000477,169.68316964303057,172.87513732910156,60273300,0.0,0.0,AAPL
2024-03-28 00:00:00-04:00,171.31905518746788,171.79784653847813,170.0821610418135,171.0497283935547,65672700,0.0,0.0,AAPL
2024-04-01 00:00:00-04:00,170.76047140500762,170.8203184243575,169.0547552510188,169.60337829589844,46240500,0.0,0.0,AAPL
2024-04-02 00:00:00-04:00,168.65575460153738,168.91509674293673,167.8078812915549,168.41635131835938,49329500,0.0,0.0,AAPL
2024-04-03 00:00:00-04:00,168.36649188521045,170.25174918456267,168.1570273077847,169.22433471679688,47691700,0.0,0.0,AAPL
2024-04-04 00:00:00-04:00,169.862720979973,171.4886360397026,168.39642333984375,168.39642333984375,53704400,0.0,0.0,AAPL
2024-04-05 00:00:00-04:00,169.16447992777472,169.9624757006009,168.52608635361446,169.15451049804688,42055200,0.0,0.0,AAPL
2024-04-08 00:00:00-04:00,168.60589031460577,168.77546194587757,167.81787917863633,168.02734375,37425500,0.0,0.0,AAPL
2024-04-09 00:00:00-04:00,168.27671057044998,169.65325287306834,167.92759789027352,169.24427795410156,42451200,0.0,0.0,AAPL
2024-04-10 00:00:00-04:00,168.37645368858372,168.66571932975538,166.69069176521586,167.3590087890625,49709300,0.0,0.0,AAPL
2024-04-11 00:00:00-04:00,167.9176136082712,175.0197591304819,167.73807255301605,174.60079956054688,91070300,0.0,0.0,AAPL
2024-04-12 00:00:00-04:00,173.82276241391455,177.9124812782121,173.77290004426743,176.10702514648438,101593300,0.0,0.0,AAPL
2024-04-15 00:00:00-04:00,174.91999737133082,176.18681502203364,172.06717291020246,172.25669860839844,73531800,0.0,0.0,AAPL
2024-04-16 00:00:00-04:00,171.31906570233667,173.32401697440633,167.84780155858056,168.95501708984375,73711200,0.0,0.0,AAPL
2024-04-17 00:00:00-04:00,169.18443695551,170.22182082390646,167.57847595214844,167.57847595214844,50901200,0.0,0.0,AAPL
2024-04-18 00:00:00-04:00,167.60838628893345,168.21685631618485,166.13210409284085,166.62086486816406,43122900,0.0,0.0,AAPL
2024-04-19 00:00:00-04:00,165.7929692214355,165.98247970725325,163.66830873342062,164.58599853515625,67772100,0.0,0.0,AAPL
2024-04-22 00:00:00-04:00,165.1046847536948,166.84030903901143,164.3565666388509,165.4238739013672,48116400,0.0,0.0,AAPL
2024-04-23 00:00:00-04:00,164.93511779278057,166.63084919015444,164.50618881351107,166.48121643066406,49537800,0.0,0.0,AAPL
2024-04-24 00:00:00-04:00,166.12212834894586,168.87521298334806,165.79296974487917,168.59591674804688,48251800,0.0,0.0,AAPL
2024-04-25 00:00:00-04:00,169.10463252247135,170.1819245302526,167.72809019800033,169.46372985839844,50558300,0.0,0.0,AAPL
2024-04-26 00:00:00-04:00,169.45376017564897,170.91008837659274,168.75550436424768,168.87521362304688,44838400,0.0,0.0,AAPL
2024-04-29 00:00:00-04:00,172.93498806378426,175.5883174432168,172.66567648639662,173.06466674804688,68169400,0.0,0.0,AAPL
2024-04-30 00:00:00-04:00,172.8950909599863,174.55092942489358,169.57344460104667,169.90261840820312,65934800,0.0,0.0,AAPL
2024-05-01 00:00:00-04:00,169.15450985940603,172.27666126931797,168.68568791540957,168.87521362304688,50383100,0.0,0.0,AAPL
2024-05-02 00:00:00-04:00,172.07715616360477,172.98487656972907,170.4612257152764,172.59585571289062,94214900,0.0,0.0,AAPL
2024-05-03 00:00:00-04:00,186.18166020430448,186.5307880883928,182.20168147231004,182.9198760986328,163224100,0.0,0.0,AAPL
2024-05-06 00:00:00-04:00,181.89246764963264,183.7378166412061,179.96730234087426,181.2540740966797,78569700,0.0,0.0,AAPL
2024-05-07 00:00:00-04:00,182.98970554229794,184.4360643267624,180.8650602406239,181.9423370361328,77305800,0.0,0.0,AAPL
2024-05-08 00:00:00-04:00,182.3912187494054,182.6106679669662,180.99472234488195,182.281494140625,45057100,0.0,0.0,AAPL
2024-05-09 00:00:00-04:00,182.1019366221584,184.19667360442534,181.65306876038784,184.10690307617188,48983000,0.0,0.0,AAPL
2024-05-10 00:00:00-04:00,184.68621556318556,184.87599832689259,181.91942916527435,182.83836364746094,50759500,0.25,0.0,AAPL
2024-05-13 00:00:00-04:00,185.225611031474,186.88369552554556,184.40655173639718,186.06463623046875,72044800,0.0,0.0,AAPL
2024-05-14 00:00:00-04:00,187.29321195228255,188.08230715884645,186.07462118962928,187.2133026123047,52393600,0.0,0.0,AAPL
2024-05-15 00:00:00-04:00,187.6927512010029,190.42957359114274,187.15336698785217,189.5006561279297,70400000,0.0,0.0,AAPL
2024-05-16 00:00:00-04:00,190.24979042229978,190.87906692858394,189.44072933773313,189.62051391601562,52845200,0.0,0.0,AAPL
2024-05-17 00:00:00-04:00,189.29089777212403,190.58939786133627,188.96127746355222,189.65048217773438,41282900,0.0,0.0,AAPL
2024-05-20 00:00:00-04:00,189.11110786674266,191.69810977923598,188.7914705191316,190.81912231445312,44361300,0.0,0.0,AAPL
2024-05-21 00:00:00-04:00,190.86907148104808,192.50717481837918,190.6992698520675,192.12762451171875,42309400,0.0,0.0,AAPL
2024-05-22 00:00:00-04:00,192.04771725232771,192.59708443506426,190.05002949048443,190.67929077148438,34648500,0.0,0.0,AAPL
2024-05-23 00:00:00-04:00,190.75919100120913,190.77917214539482,186.41422947138201,186.6639404296875,51005900,0.0,0.0,AAPL
2024-05-24 00:00:00-04:00,188.6016982061538,190.35965784997902,187.82258600140187,189.76034545898438,36294600,0.0,0.0,AAPL
2024-05-28 00:00:00-04:00,191.28858695639587,192.7768698320682,188.88138477648047,189.77035522460938,52280100,0.0,0.0,AAPL
2024-05-29 00:00:00-04:00,189.39078555405024,192.02773274385174,189.2908950712484,190.0699920654297,53068000,0.0,0.0,AAPL
2024-05-30 00:00:00-04:00,190.5394463789207,191.95780280983485,190.40960704305542,191.06883239746094,49947900,0.0,0.0,AAPL
2024-05-31 00:00:00-04:00,191.2186641606353,192.34736255924997,189.69043432876362,192.02772521972656,75158300,0.0,0.0,AAPL
2024-06-03 00:00:00-04:00,192.67696567521375,194.76456083029888,192.29741538977316,193.8056640625,50080500,0.0,0.0,AAPL
2024-06-04 00:00:00-04:00,194.414963181449,195.09418491376067,192.80682399954836,194.12530517578125,47471400,0.0,0.0,AAPL
2024-06-05 00:00:00-04:00,195.17408160134354,196.6723473717975,194.64469558174162,195.64353942871094,54156800,0.0,0.0,AAPL
2024-06-06 00:00:00-04:00,195.46374994249493,196.27281099963508,193.94550306571446,194.25514221191406,41181800,0.0,0.0,AAPL
2024-06-07 00:00:00-04:00,194.4249530208514,196.71231401609788,193.9155481344315,196.66236877441406,53103900,0.0,0.0,AAPL
2024-06-10 00:00:00-04:00,196.67234166962024,197.07188834151233,191.9278335340749,192.89671325683594,97262100,0.0,0.0,AAPL
2024-06-11 00:00:00-04:00,193.4261003259925,206.92049013592867,193.40613442314833,206.91049194335938,172373300,0.0,0.0,AAPL
2024-06-12 00:00:00-04:00,207.13024721546452,219.94541582044732,206.6607893800588,212.82366943359375,198134300,0.0,0.0,AAPL
2024-06-13 00:00:00-04:00,214.49173148985017,216.49940211957852,211.3553624447995,213.9923095703125,97862700,0.0,0.0,AAPL
2024-06-14 00:00:00-04:00,213.60276725932692,214.9212332396349,211.05571234780385,212.2443389892578,70122700,0.0,0.0,AAPL
2024-06-17 00:00:00-04:00,213.12330688362184,218.6968573821251,212.4740644791458,216.41949462890625,93728300,0.0,0.0,AAPL
2024-06-18 00:00:00-04:00,217.3384239953892,218.37723010733959,212.75373450133438,214.042236328125,79943300,0.0,0.0,AAPL
2024-06-20 00:00:00-04:00,213.68266276066225,213.99231716432826,208.6085492903026,209.4375762939453,86172500,0.0,0.0,AAPL
2024-06-21 00:00:00-04:00,210.14676322476728,211.64502904420556,206.8705565188874,207.2501220703125,246421400,0.0,0.0,AAPL
2024-06-24 00:00:00-04:00,207.4798404499802,212.454078428602,206.3511420510979,207.89935302734375,80727000,0.0,0.0,AAPL
2024-06-25 00:00:00-04:00,208.9081869431628,211.1356197216104,208.36881796558913,208.8282928466797,56713900,0.0,0.0,AAPL
2024-06-26 00:00:00-04:00,211.2554717695587,214.61158767540186,210.39646545910043,213.00344848632812,66213200,0.0,0.0,AAPL
2024-06-27 00:00:00-04:00,214.4417922510153,215.4905813596252,212.1045012600432,213.85247802734375,49772700,0.0,0.0,AAPL
2024-06-28 00:00:00-04:00,215.52053491072314,215.82019110439893,210.0568580061261,210.37648010253906,82542700,0.0,0.0,AAPL
2024-07-01 00:00:00-04:00,211.84478889932726,217.25852074788511,211.67498727343576,216.49940490722656,60402900,0.0,0.0,AAPL
2024-07-02 00:00:00-04:00,215.90008813229406,220.12520851414416,214.8513143018939,220.0153350830078,58046200,0.0,0.0,AAPL
2024-07-03 00:00:00-04:00,219.7456427738116,221.29385375976562,218.77676303865346,221.29385375976562,37369800,0.0,0.0,AAPL
2024-07-05 00:00:00-04:00,221.39372811908063,226.1881815360653,221.39372811908063,226.07830810546875,60412400,0.0,0.0,AAPL
2024-07-08 00:00:00-04:00,226.82744313327814,227.58657420321984,222.99188645966368,227.55661010742188,59085900,0.0,0.0,AAPL
2024-07-09 00:00:00-04:00,227.66647075237483,229.13477242689476,226.10827678949187,228.4156036376953,48076100,0.0,0.0,AAPL
2024-07-10 00:00:00-04:00,229.03489432853675,232.81052280414056,228.98494908857583,232.71063232421875,62627700,0.0,0.0,AAPL
2024-07-11 00:00:00-04:00,231.12247556848655,232.12131940866172,225.50897806386928,227.30690002441406,64710600,0.0,0.0,AAPL
2024-07-12 00:00:00-04:00,228.65533061100126,232.3710309246342,228.4156026019726,230.27345275878906,53046500,0.0,0.0,AAPL
2024-07-15 00:00:00-04:00,236.2065948881155,236.95572779308304,232.82051476730805,234.12899780273438,62631300,0.0,0.0,AAPL
2024-07-16 00:00:00-04:00,234.72830752859608,235.9968435006337,232.06139624646423,234.54852294921875,43234300,0.0,0.0,AAPL
2024-07-17 00:00:00-04:00,229.1847200362218,231.19240594396558,226.37797123546218,228.61538696289062,57345900,0.0,0.0,AAPL
2024-07-18 00:00:00-04:00,230.01376046370817,230.17357913751758,222.01302671532576,223.92080688476562,66034600,0.0,0.0,AAPL
2024-07-19 00:00:00-04:00,224.56007929212146,226.53778582663386,223.02185124438603,224.0506591796875,49151500,0.0,0.0,AAPL
2024-07-22 00:00:00-04:00,226.74754193953342,227.5166559886428,222.8320757894778,223.70108032226562,48201800,0.0,0.0,AAPL
2024-07-23 00:00:00-04:00,224.1105879628454,226.67762395265615,222.42253943120292,224.74984741210938,39960300,0.0,0.0,AAPL
2024-07-24 00:00:00-04:00,223.74101699336492,224.54009510228497,216.8789647868516,218.28732299804688,61777600,0.0,0.0,AAPL
2024-07-25 00:00:00-04:00,218.67687825947047,220.59467187678908,214.37186367512805,217.23855590820312,51391200,0.0,0.0,AAPL
2024-07-26 00:00:00-04:00,218.44714249209272,219.2362376525438,215.7602501518015,217.7080078125,41601300,0.0,0.0,AAPL
2024-07-29 00:00:00-04:00,216.70916725528429,219.04645819403996,215.50055949707524,217.98768615722656,36311800,0.0,0.0,AAPL
2024-07-30 00:00:00-04:00,218.93659134819188,220.07527275577738,215.87013333691414,218.5470428466797,41643800,0.0,0.0,AAPL
2024-07-31 00:00:00-04:00,221.1839827384757,223.56123595882272,220.3749216653048,221.8232421875,50036300,0.0,0.0,AAPL
2024-08-01 00:00:00-04:00,224.110590003871,224.22046343714268,216.7690968426558,218.1075439453125,62501000,0.0,0.0,AAPL
2024-08-02 00:00:00-04:00,218.89661861998934,225.3391734979224,217.45829631147987,219.60580444335938,105568600,0.0,0.0,AAPL
2024-08-05 00:00:00-04:00,198.85982239251607,213.25316621507156,195.7733984925247,209.02806091308594,119548600,0.0,0.0,AAPL
2024-08-06 00:00:00-04:00,205.06264094927153,209.7472209414639,200.8375358240923,206.9904022216797,69660500,0.0,0.0,AAPL
2024-08-07 00:00:00-04:00,206.66078565300305,213.3929986622491,206.15138077832643,209.57742309570312,63516400,0.0,0.0,AAPL
2024-08-08 00:00:00-04:00,212.86361928255258,213.95235545083946,208.5885687073719,213.06338500976562,47161100,0.0,0.0,AAPL
2024-08-09 00:00:00-04:00,211.85479245119006,216.5293744807485,211.72493786998632,215.99000549316406,42201600,0.0,0.0,AAPL
2024-08-12 00:00:00-04:00,216.07000732421875,219.50999450683594,215.60000610351562,217.52999877929688,38028100,0.25,0.0,AAPL
2024-08-13 00:00:00-04:00,219.00999450683594,221.88999938964844,219.00999450683594,221.27000427246094,44155300,0.0,0.0,AAPL
2024-08-14 00:00:00-04:00,220.57000732421875,223.02999877929688,219.6999969482422,221.72000122070312,41960600,0.0,0.0,AAPL
2024-08-15 00:00:00-04:00,224.60000610351562,225.35000610351562,222.75999450683594,224.72000122070312,46414000,0.0,0.0,AAPL
2024-08-16 00:00:00-04:00,223.9199981689453,226.8300018310547,223.64999389648438,226.0500030517578,44340200,0.0,0.0,AAPL
2024-08-19 00:00:00-04:00,225.72000122070312,225.99000549316406,223.0399932861328,225.88999938964844,40687800,0.0,0.0,AAPL
2024-08-20 00:00:00-04:00,225.77000427246094,227.1699981689453,225.4499969482422,226.50999450683594,30299000,0.0,0.0,AAPL
2024-08-21 00:00:00-04:00,226.52000427246094,227.97999572753906,225.0500030517578,226.39999389648438,34765500,0.0,0.0,AAPL
2024-08-22 00:00:00-04:00,227.7899932861328,228.33999633789062,223.89999389648438,224.52999877929688,43695300,0.0,0.0,AAPL
2024-08-23 00:00:00-04:00,225.66000366210938,228.22000122070312,224.3300018310547,226.83999633789062,38677300,0.0,0.0,AAPL
2024-08-26 00:00:00-04:00,226.75999450683594,227.27999877929688,223.88999938964844,227.17999267578125,30602200,0.0,0.0,AAPL
2024-08-27 00:00:00-04:00,226.0,228.85000610351562,224.88999938964844,228.02999877929688,35934600,0.0,0.0,AAPL
2024-08-28 00:00:00-04:00,227.9199981689453,229.86000061035156,225.67999267578125,226.49000549316406,38052200,0.0,0.0,AAPL
2024-08-29 00:00:00-04:00,230.10000610351562,232.9199981689453,228.8800048828125,229.7899932861328,51906300,0.0,0.0,AAPL
2024-08-30 00:00:00-04:00,230.19000244140625,230.39999389648438,227.47999572753906,229.0,52990800,0.0,0.0,AAPL
2024-09-03 00:00:00-04:00,228.5500030517578,229.0,221.1699981689453,222.77000427246094,50190600,0.0,0.0,AAPL
2024-09-04 00:00:00-04:00,221.66000366210938,221.77999877929688,217.47999572753906,220.85000610351562,43840200,0.0,0.0,AAPL
2024-09-05 00:00:00-04:00,221.6300048828125,225.47999572753906,221.52000427246094,222.3800048828125,36615400,0.0,0.0,AAPL
2024-09-06 00:00:00-04:00,223.9499969482422,225.24000549316406,219.77000427246094,220.82000732421875,48423000,0.0,0.0,AAPL
2024-09-09 00:00:00-04:00,220.82000732421875,221.27000427246094,216.7100067138672,220.91000366210938,67180000,0.0,0.0,AAPL
2024-09-10 00:00:00-04:00,218.9199981689453,221.47999572753906,216.72999572753906,220.11000061035156,51591000,0.0,0.0,AAPL
2024-09-11 00:00:00-04:00,221.4600067138672,223.08999633789062,217.88999938964844,222.66000366210938,44587100,0.0,0.0,AAPL
2024-09-12 00:00:00-04:00,222.5,223.5500030517578,219.82000732421875,222.77000427246094,37498200,0.0,0.0,AAPL
2024-09-13 00:00:00-04:00,223.5800018310547,224.0399932861328,221.91000366210938,222.5,36766600,0.0,0.0,AAPL
2024-09-16 00:00:00-04:00,216.5399932861328,217.22000122070312,213.9199981689453,216.32000732421875,59357400,0.0,0.0,AAPL
2024-09-17 00:00:00-04:00,215.75,216.89999389648438,214.5,216.7899932861328,45519300,0.0,0.0,AAPL
2024-09-18 00:00:00-04:00,217.5500030517578,222.7100067138672,217.5399932861328,220.69000244140625,59894900,0.0,0.0,AAPL
2024-09-19 00:00:00-04:00,224.99000549316406,229.82000732421875,224.6300048828125,228.8699951171875,66781300,0.0,0.0,AAPL
2024-09-20 00:00:00-04:00,229.97000122070312,233.08999633789062,227.6199951171875,228.1999969482422,318679900,0.0,0.0,AAPL
2024-09-23 00:00:00-04:00,227.33999633789062,229.4499969482422,225.80999755859375,226.47000122070312,54146000,0.0,0.0,AAPL
2024-09-24 00:00:00-04:00,228.64999389648438,229.35000610351562,225.72999572753906,227.3699951171875,43556100,0.0,0.0,AAPL
2024-09-25 00:00:00-04:00,224.92999267578125,227.2899932861328,224.02000427246094,226.3699951171875,42308700,0.0,0.0,AAPL
2024-09-26 00:00:00-04:00,227.3000030517578,228.5,225.41000366210938,227.52000427246094,36636700,0.0,0.0,AAPL
2024-09-27 00:00:00-04:00,228.4600067138672,229.52000427246094,227.3000030517578,227.7899932861328,34026000,0.0,0.0,AAPL
2024-09-30 00:00:00-04:00,230.0399932861328,233.0,229.64999389648438,233.0,54541900,0.0,0.0,AAPL
2024-10-01 00:00:00-04:00,229.52000427246094,229.64999389648438,223.74000549316406,226.2100067138672,63285000,0.0,0.0,AAPL
2024-10-02 00:00:00-04:00,225.88999938964844,227.3699951171875,223.02000427246094,226.77999877929688,32880600,0.0,0.0,AAPL
2024-10-03 00:00:00-04:00,225.13999938964844,226.80999755859375,223.32000732421875,225.6699981689453,34044200,0.0,0.0,AAPL
2024-10-04 00:00:00-04:00,227.89999389648438,228.0,224.1300048828125,226.8000030517578,37245100,0.0,0.0,AAPL
2024-10-07 00:00:00-04:00,224.5,225.69000244140625,221.3300018310547,221.69000244140625,39505400,0.0,0.0,AAPL
2024-10-08 00:00:00-04:00,224.3000030517578,225.97999572753906,223.25,225.77000427246094,31855700,0.0,0.0,AAPL
2024-10-09 00:00:00-04:00,225.22999572753906,229.75,224.8300018310547,229.5399932861328,33591100,0.0,0.0,AAPL
2024-10-10 00:00:00-04:00,227.77999877929688,229.5,227.1699981689453,229.0399932861328,28183500,0.0,0.0,AAPL
2024-10-11 00:00:00-04:00,229.3000030517578,229.41000366210938,227.33999633789062,227.5500030517578,31759200,0.0,0.0,AAPL
2024-10-14 00:00:00-04:00,228.6999969482422,231.72999572753906,228.60000610351562,231.3000030517578,39882100,0.0,0.0,AAPL
2024-10-15 00:00:00-04:00,233.61000061035156,237.49000549316406,232.3699951171875,233.85000610351562,64751400,0.0,0.0,AAPL
2024-10-16 00:00:00-04:00,231.60000610351562,232.1199951171875,229.83999633789062,231.77999877929688,34082200,0.0,0.0,AAPL
2024-10-17 00:00:00-04:00,233.42999267578125,233.85000610351562,230.52000427246094,232.14999389648438,32993800,0.0,0.0,AAPL
2024-10-18 00:00:00-04:00,236.17999267578125,236.17999267578125,234.00999450683594,235.0,46431500,0.0,0.0,AAPL
2024-10-21 00:00:00-04:00,234.4499969482422,236.85000610351562,234.4499969482422,236.47999572753906,36254500,0.0,0.0,AAPL
2024-10-22 00:00:00-04:00,233.88999938964844,236.22000122070312,232.60000610351562,235.86000061035156,38846600,0.0,0.0,AAPL
2024-10-23 00:00:00-04:00,234.0800018310547,235.13999938964844,227.75999450683594,230.75999450683594,52287000,0.0,0.0,AAPL
2024-10-24 00:00:00-04:00,229.97999572753906,230.82000732421875,228.41000366210938,230.57000732421875,31109500,0.0,0.0,AAPL
2024-10-25 00:00:00-04:00,229.74000549316406,233.22000122070312,229.57000732421875,231.41000366210938,38802300,0.0,0.0,AAPL
2024-10-28 00:00:00-04:00,233.32000732421875,234.72999572753906,232.5500030517578,233.39999389648438,36087100,0.0,0.0,AAPL
2024-10-29 00:00:00-04:00,233.10000610351562,234.3300018310547,232.32000732421875,233.6699981689453,35417200,0.0,0.0,AAPL
2024-10-30 00:00:00-04:00,232.61000061035156,233.47000122070312,229.5500030517578,230.10000610351562,47070900,0.0,0.0,AAPL
2024-10-31 00:00:00-04:00,229.33999633789062,229.8300018310547,225.3699951171875,225.91000366210938,63960700,0.0,0.0,AAPL
2024-11-01 00:00:00-04:00,220.97000122070312,225.33999633789062,220.27999877929688,221.99000549316406,34455699,0.0,0.0,AAPL
2023-11-01 00:00:00-04:00,337.2585179647521,344.83167807578866,337.1195464481157,343.4917297363281,28158800,0.0,0.0,MSFT
2023-11-02 00:00:00-04:00,344.6530047712634,346.2311554187722,342.2014053977885,345.7249755859375,24348100,0.0,0.0,MSFT
2023-11-03 00:00:00-04:00,347.02520380842185,351.74975071794626,344.74232101279864,350.17156982421875,23624000,0.0,0.0,MSFT
2023-11-06 00:00:00-05:00,350.8167694917966,354.87629489266607,350.717508445105,353.8738098144531,23828300,0.0,0.0,MSFT
2023-11-07 00:00:00-05:00,356.72243839209995,359.759638751346,354.96563592240904,357.8440246582031,25833900,0.0,0.0,MSFT
2023-11-08 00:00:00-05:00,358.9854149811907,361.15910153051215,357.86382882767936,360.4941101074219,26767800,0.0,0.0,MSFT
2023-11-09 00:00:00-05:00,359.600798335479,362.07226805792885,357.67524920435096,358.0028076171875,24847300,0.0,0.0,MSFT
2023-11-10 00:00:00-05:00,358.79681326613644,367.3426826939886,358.37995931758695,366.9158935546875,28042100,0.0,0.0,MSFT
2023-11-13 00:00:00-05:00,365.47674708793227,365.72488457766417,363.17402391356717,363.9482116699219,19986500,0.0,0.0,MSFT
2023-11-14 00:00:00-05:00,368.245921043617,369.17892030430426,364.61318504162097,367.51141357421875,27683900,0.0,0.0,MSFT
2023-11-15 00:00:00-05:00,369.2618480370104,371.10179814180987,365.11450137215627,367.6606140136719,26860100,0.75,0.0,MSFT
2023-11-16 00:00:00-05:00,368.943632873062,374.30435001625926,368.16787378879644,374.1253356933594,27182300,0.0,0.0,MSFT
2023-11-17 00:00:00-05:00,371.5792022635868,372.3350809432151,365.005145947623,367.83966064453125,40157000,0.0,0.0,MSFT
2023-11-20 00:00:00-05:00,369.2022053086174,376.810617053383,368.98339992208895,375.3883972167969,52465100,0.0,0.0,MSFT
2023-11-21 00:00:00-05:00,373.6280182633099,374.1750165378886,369.10273207152704,371.0421447753906,28423100,0.0,0.0,MSFT
2023-11-22 00:00:00-05:00,375.94535168873216,377.7256305034054,372.9318227027555,375.7961730957031,23345300,0.0,0.0,MSFT
2023-11-24 00:00:00-05:00,375.2789554627134,375.91549121999134,373.1008874444975,375.37841796875,10176600,0.0,0.0,MSFT
2023-11-27 00:00:00-05:00,374.731962508856,378.5709967639776,374.15512852839515,376.552001953125,22179200,0.0,0.0,MSFT
2023-11-28 00:00:00-05:00,376.29345075601475,380.9181691941685,376.10448108989755,380.61981201171875,20453100,0.0,0.0,MSFT
2023-11-29 00:00:00-05:00,381.67402505486496,382.21106795118794,375.3883710720959,376.79071044921875,28963400,0.0,0.0,MSFT
2023-11-30 00:00:00-05:00,376.43267242664,378.0239815470539,373.4290988462353,376.85040283203125,30554400,0.0,0.0,MSFT
2023-12-01 00:00:00-05:00,374.712073985326,376.1044580041203,369.2916861405215,372.47430419921875,33020400,0.0,0.0,MSFT
2023-12-04 00:00:00-05:00,367.0937538443937,367.51145392700084,360.9274419578481,367.133544921875,32063300,0.0,0.0,MSFT
2023-12-05 00:00:00-05:00,364.4581343822117,371.05207082009633,363.6326289381052,370.4951171875,23065000,0.0,0.0,MSFT
2023-12-06 00:00:00-05:00,371.5096051517362,372.1461106031472,366.0295454376952,366.79534912109375,21182100,0.0,0.0,MSFT
2023-12-07 00:00:00-05:00,366.2284385609982,369.43093695612873,364.32881702567994,368.93365478515625,23118900,0.0,0.0,MSFT
2023-12-08 00:00:00-05:00,367.19320389043816,372.42459221283207,366.228475168252,372.19586181640625,20144800,0.0,0.0,MSFT
2023-12-11 00:00:00-05:00,366.477089826347,369.580125803139,364.1100217704953,369.28173828125,27708800,0.0,0.0,MSFT
2023-12-12 00:00:00-05:00,368.83422055613806,372.3848228134841,368.4463258642292,372.34503173828125,24838300,0.0,0.0,MSFT
2023-12-13 00:00:00-05:00,373.9760776046103,375.58729735411816,368.7546147441536,372.3350524902344,30955500,0.0,0.0,MSFT
2023-12-14 00:00:00-05:00,371.280838712993,371.72840483967144,362.1507446830086,363.9409484863281,43277500,0.0,0.0,MSFT
2023-12-15 00:00:00-05:00,364.85595950446617,370.37577983362354,364.28905050694055,368.7148742675781,78478200,0.0,0.0,MSFT
2023-12-18 00:00:00-05:00,367.44180201938957,370.97249323253345,366.6759680640395,370.6243896484375,21802900,0.0,0.0,MSFT
2023-12-19 00:00:00-05:00,369.47074161703057,371.23114013671875,367.82971632799644,371.23114013671875,20603700,0.0,0.0,MSFT
2023-12-20 00:00:00-05:00,372.96166586355804,373.98606602506203,368.51596159239654,368.60546875,26316700,0.0,0.0,MSFT
2023-12-21 00:00:00-05:00,370.53492894979803,372.3748792520713,368.028637463181,371.5096130371094,17708000,0.0,0.0,MSFT
2023-12-22 00:00:00-05:00,371.64881291679967,373.14065949756883,370.6840842471678,372.5439147949219,17091100,0.0,0.0,MSFT
2023-12-26 00:00:00-05:00,372.96165289509315,374.8911102742062,371.46980628351275,372.6235046386719,12673100,0.0,0.0,MSFT
2023-12-27 00:00:00-05:00,371.65877331795474,373.02132169061383,370.78355178908555,372.0367126464844,14905400,0.0,0.0,MSFT
2023-12-28 00:00:00-05:00,373.3296194550034,374.4136909666463,372.12620507627264,373.2401123046875,14327000,0.0,0.0,MSFT
2023-12-29 00:00:00-05:00,373.956180608808,375.10987885076185,371.4498894738907,373.9959716796875,18723000,0.0,0.0,MSFT
2024-01-02 00:00:00-05:00,371.8278333128194,373.85675319437513,364.77637533441424,368.8540954589844,25258600,0.0,0.0,MSFT
2024-01-03 00:00:00-05:00,367.00421754136386,371.2311162250648,366.5069353432814,368.5855712890625,23083500,0.0,0.0,MSFT
2024-01-04 00:00:00-05:00,368.65517399212956,371.071958032483,365.17419883301005,365.94000244140625,20901500,0.0,0.0,MSFT
2024-01-05 00:00:00-05:00,366.96443793052754,370.0376383684763,364.5078625811921,365.7510681152344,20987000,0.0,0.0,MSFT
2024-01-08 00:00:00-05:00,367.292633952991,373.1605884048141,367.0042321198686,372.6533508300781,23134000,0.0,0.0,MSFT
2024-01-09 00:00:00-05:00,369.9879231585575,373.94627016317753,369.17237304189894,373.74737548828125,20830000,0.0,0.0,MSFT
2024-01-10 00:00:00-05:00,374.32418620703794,382.0818064859509,374.2744701293323,380.68939208984375,25514200,0.0,0.0,MSFT
2024-01-11 00:00:00-05:00,383.90185500028724,388.55640906666076,378.3124079780571,382.539306640625,27850800,0.0,0.0,MSFT
2024-01-12 00:00:00-05:00,383.3946161527287,386.5672789780478,382.5591857091536,386.3584289550781,21645700,0.0,0.0,MSFT
2024-01-16 00:00:00-05:00,391.52020834386707,391.88819229961535,385.51303113026245,388.14862060546875,27202300,0.0,0.0,MSFT
2024-01-17 00:00:00-05:00,385.87107518669205,387.98947168950065,382.71829294255934,387.35296630859375,22234100,0.0,0.0,MSFT
2024-01-18 00:00:00-05:00,389.590757608681,391.8484078099571,387.99944854071236,391.72906494140625,23392100,0.0,0.0,MSFT
2024-01-19 00:00:00-05:00,393.6088350587205,396.5030212402344,391.36110969709085,396.5030212402344,29272000,0.0,0.0,MSFT
2024-01-22 00:00:00-05:00,397.8456367008518,398.44238140570053,391.45059495209915,394.354736328125,27016900,0.0,0.0,MSFT
2024-01-23 00:00:00-05:00,393.59884828463896,397.2091217935274,391.78873385208783,396.7317199707031,20525900,0.0,0.0,MSFT
2024-01-24 00:00:00-05:00,399.35741189194886,403.42517679056124,398.2733402995586,400.3718566894531,24867000,0.0,0.0,MSFT
2024-01-25 00:00:00-05:00,402.12231320641746,404.79769405493875,400.3420343092467,402.6693115234375,21021200,0.0,0.0,MSFT
2024-01-26 00:00:00-05:00,402.1720162977375,403.96225049430717,400.24255886295236,401.7344055175781,17803300,0.0,0.0,MSFT
2024-01-29 00:00:00-05:00,403.85281064052623,407.7515163738106,402.132203332571,407.492919921875,24510200,0.0,0.0,MSFT
2024-01-30 00:00:00-05:00,410.0191136359549,410.8047976288008,404.24069712023226,406.3690490722656,33477600,0.0,0.0,MSFT
2024-01-31 00:00:00-05:00,404.74793405343684,413.0625085146517,395.0509308101669,395.4189147949219,47871100,0.0,0.0,MSFT
2024-02-01 00:00:00-05:00,399.645822762124,405.7822988220977,399.615987042455,401.5852355957031,30657700,0.0,0.0,MSFT
2024-02-02 00:00:00-05:00,401.6150758869809,410.40702215266845,401.3664347696763,408.98480224609375,28245000,0.0,0.0,MSFT
2024-02-05 00:00:00-05:00,407.6719673272692,408.92512826323554,401.79408770853485,403.445068359375,25352300,0.0,0.0,MSFT
2024-02-06 00:00:00-05:00,403.6737833372877,405.75241918711475,400.7199260029661,403.285888671875,18382600,0.0,0.0,MSFT
2024-02-07 00:00:00-05:00,405.2253213300188,412.0480185412626,405.1855302555667,411.79937744140625,22340500,0.0,0.0,MSFT
2024-02-08 00:00:00-05:00,411.7993678721975,413.3011697929746,410.28764094681054,411.8590393066406,21225300,0.0,0.0,MSFT
2024-02-09 00:00:00-05:00,412.9928590098735,418.53258989376275,412.8337250667871,418.2640380859375,22032800,0.0,0.0,MSFT
2024-02-12 00:00:00-05:00,418.274017514189,418.4530318285774,412.4956005589671,413.0028381347656,21202900,0.0,0.0,MSFT
2024-02-13 00:00:00-05:00,402.7389159311724,407.8410362274365,401.1973532313077,404.1114196777344,27824900,0.0,0.0,MSFT
2024-02-14 00:00:00-05:00,406.6024273726602,408.3660508109545,403.1150147467339,408.0173034667969,20401200,0.75,0.0,MSFT
2024-02-15 00:00:00-05:00,406.67217404920154,407.6586038685065,402.8360141628252,405.09783935546875,21825500,0.0,0.0,MSFT
2024-02-16 00:00:00-05:00,406.49281005598874,406.8216402771548,401.9890766652795,402.6068420410156,22281100,0.0,0.0,MSFT
2024-02-20 00:00:00-05:00,401.78976350568934,403.03526796096475,396.57859232582433,401.3414001464844,24307900,0.0,0.0,MSFT
2024-02-21 00:00:00-05:00,398.73083103930014,400.8432017480266,395.7914283369083,400.73358154296875,18631100,0.0,0.0,MSFT
2024-02-22 00:00:00-05:00,408.71478444266717,411.3452740659007,407.1006155180746,410.1695251464844,27009900,0.0,0.0,MSFT
2024-02-23 00:00:00-05:00,414.1751061358801,414.36439484849507,407.49918971824974,408.8642578125,16295900,0.0,0.0,MSFT
2024-02-26 00:00:00-05:00,409.98022599205785,410.67772069092507,405.8949650583185,406.0743408203125,16193500,0.0,0.0,MSFT
2024-02-27 00:00:00-05:00,406.52267149644587,406.8515016937889,402.3975766433515,406.0145263671875,14835800,0.0,0.0,MSFT
2024-02-28 00:00:00-05:00,406.71199923437507,407.8279663601961,403.8622996386407,406.253662109375,13183100,0.0,0.0,MSFT
2024-02-29 00:00:00-05:00,407.17038672368494,412.71038837541505,404.4601676819315,412.15240478515625,31947300,0.0,0.0,MSFT
2024-03-01 00:00:00-05:00,409.7908782935449,414.37434071888777,409.40229671994484,414.00567626953125,17800300,0.0,0.0,MSFT
2024-03-04 00:00:00-05:00,411.95310713420247,415.84904886214485,410.8371399665941,413.42779541015625,17596000,0.0,0.0,MSFT
2024-03-05 00:00:00-05:00,412.4711952290164,412.7601607658309,399.1991233687723,401.2018737792969,26919200,0.0,0.0,MSFT
2024-03-06 00:00:00-05:00,401.520730349561,403.7028565055454,396.9572155769562,400.6438903808594,22344100,0.0,0.0,MSFT
2024-03-07 00:00:00-05:00,404.6594510933356,408.3062921519282,400.79340001238523,407.6686096191406,18718500,0.0,0.0,MSFT
2024-03-08 00:00:00-05:00,406.49279622041365,408.943970922281,402.87584635764586,404.7590637207031,17971700,0.0,0.0,MSFT
2024-03-11 00:00:00-04:00,402.3079090049905,404.2209868017705,399.8169001180621,403.0651550292969,16120800,0.0,0.0,MSFT
2024-03-12 00:00:00-04:00,406.15401359976437,414.07543405197885,405.327012025755,413.7864685058594,22457000,0.0,0.0,MSFT
2024-03-13 00:00:00-04:00,416.5963580657627,416.67605697562533,409.9702800987869,413.6071472167969,17115900,0.0,0.0,MSFT
2024-03-14 00:00:00-04:00,418.72863404872095,426.28139027338693,416.48672597594526,423.69073486328125,34157300,0.0,0.0,MSFT
2024-03-15 00:00:00-04:00,417.7820672194502,421.08016064962663,411.3054439239168,414.9223937988281,45049800,0.0,0.0,MSFT
2024-03-18 00:00:00-04:00,412.76018651759574,419.21689271760266,412.2918756147088,415.81915283203125,20106000,0.0,0.0,MSFT
2024-03-19 00:00:00-04:00,416.32729782359553,420.15351436066743,414.0554988591103,419.8944396972656,19837900,0.0,0.0,MSFT
2024-03-20 00:00:00-04:00,420.4823195339551,424.42806927889796,419.1471423578337,423.7007141113281,17860100,0.0,0.0,MSFT
2024-03-21 00:00:00-04:00,428.2841428024405,429.2706030363767,425.6237622387378,427.8258056640625,21296200,0.0,0.0,MSFT
2024-03-22 00:00:00-04:00,428.1546284078146,428.31402622095453,424.5376785647452,427.19805908203125,17636500,0.0,0.0,MSFT
2024-03-25 00:00:00-04:00,423.7106482644727,425.87285741065665,420.09369840693,421.3392028808594,18060500,0.0,0.0,MSFT
2024-03-26 00:00:00-04:00,424.0792944107052,424.45793261968106,419.83463602416924,420.133544921875,16725600,0.0,0.0,MSFT
2024-03-27 00:00:00-04:00,422.91352154834817,422.9234953142656,417.5030576163737,419.9143371582031,16705000,0.0,0.0,MSFT
2024-03-28 00:00:00-04:00,419.446036304839,420.35276719813675,417.61265739375546,419.2069091796875,21871200,0.0,0.0,MSFT
2024-04-01 00:00:00-04:00,422.42532544323956,426.35115812547906,420.70153623961255,423.0430908203125,16316000,0.0,0.0,MSFT
2024-04-02 00:00:00-04:00,418.5991130717621,420.86096876567433,416.3372877856753,419.9243469238281,17912000,0.0,0.0,MSFT
2024-04-03 00:00:00-04:00,418.22048493570827,421.73778835137483,417.58277204973547,418.9378967285156,16502300,0.0,0.0,MSFT
2024-04-04 00:00:00-04:00,423.46155114559343,427.12833945948364,416.068253550806,416.37713623046875,19370900,0.0,0.0,MSFT
2024-04-05 00:00:00-04:00,418.49949130961807,424.9761147954023,416.8155667706881,423.9896545410156,16544300,0.0,0.0,MSFT
2024-04-08 00:00:00-04:00,423.6409193804279,425.7433163180875,421.77761916132215,423.06298828125,14272400,0.0,0.0,MSFT
2024-04-09 00:00:00-04:00,424.9063459466705,426.20165844015906,420.10367338348533,424.7469177246094,12512300,0.0,0.0,MSFT
2024-04-10 00:00:00-04:00,420.67163383024246,422.50501278575086,418.19059862320614,421.73779296875,16216600,0.0,0.0,MSFT
2024-04-11 00:00:00-04:00,424.28859418130247,427.82581484762187,420.8410157834726,426.3909912109375,17966400,0.0,0.0,MSFT
2024-04-12 00:00:00-04:00,422.5249521781749,423.650893158757,418.2603458072204,420.3826904296875,19232100,0.0,0.0,MSFT
2024-04-15 00:00:00-04:00,425.06578708629894,425.2849970973167,411.9431381329404,412.15240478515625,20273500,0.0,0.0,MSFT
2024-04-16 00:00:00-04:00,413.07904589917786,416.8952582906374,412.2420705278667,413.0889892578125,16765600,0.0,0.0,MSFT
2024-04-17 00:00:00-04:00,415.74940334221725,417.37354608032194,408.85427703017245,410.3588562011719,15855500,0.0,0.0,MSFT
2024-04-18 00:00:00-04:00,409.1532132353134,410.40869149599354,402.49724451606636,402.8160705566406,21029900,0.0,0.0,MSFT
2024-04-19 00:00:00-04:00,402.5769461656378,404.0217435519042,396.339449885593,397.6846008300781,30276500,0.0,0.0,MSFT
2024-04-22 00:00:00-04:00,398.6411348292365,401.4011922340004,394.326720664829,399.5179748535156,20286900,0.0,0.0,MSFT
2024-04-23 00:00:00-04:00,402.78617655393526,406.73195665478823,401.61042761834875,406.1042175292969,15734500,0.0,0.0,MSFT
2024-04-24 00:00:00-04:00,408.08703844851493,410.98657644886526,405.31703777585045,407.5888366699219,15065300,0.0,0.0,MSFT
2024-04-25 00:00:00-04:00,392.61289730195864,398.4518380317162,386.6344758845294,397.6048889160156,40586500,0.0,0.0,MSFT
2024-04-26 00:00:00-04:00,410.6877015039508,411.5147031453564,404.30075052532226,404.8587341308594,29694700,0.0,0.0,MSFT
2024-04-29 00:00:00-04:00,403.7925555014032,404.85871464230763,397.7543521688509,400.8033447265625,19582100,0.0,0.0,MSFT
2024-04-30 00:00:00-04:00,400.0460498169102,400.7136535719452,387.7703812443129,387.9297790527344,28781400,0.0,0.0,MSFT
2024-05-01 00:00:00-04:00,391.1979854890888,400.2752376954743,388.9062694736309,393.5196228027344,23562500,0.0,0.0,MSFT
2024-05-02 00:00:00-04:00,396.22986485240887,398.49169010971565,393.23068024330894,396.4092102050781,17709400,0.0,0.0,MSFT
2024-05-03 00:00:00-04:00,400.8332267481025,405.6857072666299,400.4147238694429,405.1974792480469,17446700,0.0,0.0,MSFT
2024-05-06 00:00:00-04:00,407.28995676641233,412.44134649548096,404.90853749941664,412.0527648925781,16996600,0.0,0.0,MSFT
2024-05-07 00:00:00-04:00,413.1687335044037,413.17870727122335,407.6187579788331,407.86785888671875,20018200,0.0,0.0,MSFT
2024-05-08 00:00:00-04:00,406.7020659589674,410.74746209427366,405.2472948266194,409.06353759765625,11792300,0.0,0.0,MSFT
2024-05-09 00:00:00-04:00,409.09342143632676,411.2356830323753,407.628706970669,410.8371276855469,14689700,0.0,0.0,MSFT
2024-05-10 00:00:00-04:00,411.454898796182,413.8861259760523,410.31898411359913,413.2484130859375,13402300,0.0,0.0,MSFT
2024-05-13 00:00:00-04:00,416.50666601097504,416.8454395758238,409.34252191031106,412.2320861816406,15440200,0.0,0.0,MSFT
2024-05-14 00:00:00-04:00,410.5382086979875,415.9885377174583,410.0698977801234,415.0618896484375,15109300,0.0,0.0,MSFT
2024-05-15 00:00:00-04:00,417.14811372005255,423.04748418125,416.51924233374484,422.31878662109375,22239500,0.75,0.0,MSFT
2024-05-16 00:00:00-04:00,421.04111473047993,424.65462746809226,419.5937417467572,420.2325744628906,17530100,0.0,0.0,MSFT
2024-05-17 00:00:00-04:00,421.7797738940241,422.15909507145113,417.2778785450943,419.4539489746094,15352200,0.0,0.0,MSFT
2024-05-20 00:00:00-04:00,419.45396241482433,426.00215742526564,419.2343570136284,424.5747375488281,16272100,0.0,0.0,MSFT
2024-05-21 00:00:00-04:00,426.0620511343007,432.19101891399305,424.08563296720774,428.2680969238281,21453300,0.0,0.0,MSFT
2024-05-22 00:00:00-04:00,429.31620330543893,431.6320366067369,426.36153729569446,429.74542236328125,18073700,0.0,0.0,MSFT
2024-05-23 00:00:00-04:00,432.19101060705754,432.81988199819887,424.654606594968,426.23175048828125,17211700,0.0,0.0,MSFT
2024-05-24 00:00:00-04:00,426.4214201614011,430.284452546189,423.6464230389501,429.3860778808594,11845800,0.0,0.0,MSFT
2024-05-28 00:00:00-04:00,428.8570153768908,430.0448767681172,425.8324681657636,429.5457763671875,15718000,0.0,0.0,MSFT
2024-05-29 00:00:00-04:00,424.9241078592897,430.1646621440202,424.9241078592897,428.3978576660156,15517100,0.0,0.0,MSFT
2024-05-30 00:00:00-04:00,423.5365985674188,423.5365985674188,413.49470068821756,413.9239501953125,28424800,0.0,0.0,MSFT
2024-05-31 00:00:00-04:00,416.0001981551101,416.0001981551101,403.7822296778057,414.38311767578125,47995300,0.0,0.0,MSFT
2024-06-03 00:00:00-04:00,414.78239441586754,415.68076908060925,408.18430147617795,412.7760009765625,17484700,0.0,0.0,MSFT
2024-06-04 00:00:00-04:00,411.68797587586874,415.69077109680313,408.9429234942185,415.3214416503906,14348900,0.0,0.0,MSFT
2024-06-05 00:00:00-04:00,417.05827419686176,423.316982252091,415.55098123941247,423.24713134765625,16988000,0.0,0.0,MSFT
2024-06-06 00:00:00-04:00,423.24713337206975,424.54478223440873,419.82328145689553,423.7561950683594,14861300,0.0,0.0,MSFT
2024-06-07 00:00:00-04:00,425.43321093193657,425.5130535956995,422.2389560533201,423.0874328613281,13621700,0.0,0.0,MSFT
2024-06-10 00:00:00-04:00,423.93590960030053,427.3098028561661,423.12736935564175,427.1001892089844,14003000,0.0,0.0,MSFT
2024-06-11 00:00:00-04:00,424.714492210749,432.04128251107204,424.4848950575601,431.9015197753906,14551100,0.0,0.0,MSFT
2024-06-12 00:00:00-04:00,434.5367860452445,442.6022352259115,432.4705030473988,440.2664489746094,22366200,0.0,0.0,MSFT
2024-06-13 00:00:00-04:00,440.0568553290733,442.59229404362975,438.5795070893568,440.7855224609375,15960600,0.0,0.0,MSFT
2024-06-14 00:00:00-04:00,437.4914526433868,442.34272445223553,435.93426180663823,441.77374267578125,13582000,0.0,0.0,MSFT
2024-06-17 00:00:00-04:00,441.79369397889576,450.1286768563718,439.92706333342124,447.56329345703125,20790000,0.0,0.0,MSFT
2024-06-18 00:00:00-04:00,448.90088872513473,449.3301382355733,444.0895838547788,445.5369567871094,17112500,0.0,0.0,MSFT
2024-06-20 00:00:00-04:00,445.4970284658229,445.7266256285528,440.47607939422454,444.89813232421875,19877400,0.0,0.0,MSFT
2024-06-21 00:00:00-04:00,446.57508828170745,449.769312632082,445.7066584412535,448.97076416015625,34486200,0.0,0.0,MSFT
2024-06-24 00:00:00-04:00,448.99073575427695,451.9354404836348,445.6068506710909,446.8645935058594,15913700,0.0,0.0,MSFT
2024-06-25 00:00:00-04:00,447.4435174764647,450.60782747881404,445.94621624676097,450.138671875,16747500,0.0,0.0,MSFT
2024-06-26 00:00:00-04:00,448.1921782643384,452.7839082321868,447.3836380189599,451.34649658203125,16507000,0.0,0.0,MSFT
2024-06-27 00:00:00-04:00,451.36643984920676,455.3492818389116,450.9571738571483,452.0352478027344,14806300,0.0,0.0,MSFT
2024-06-28 00:00:00-04:00,452.25485824092095,454.560699725703,445.6068370446384,446.1458740234375,28362300,0.0,0.0,MSFT
2024-07-01 00:00:00-04:00,447.8527763611413,456.547096834103,444.8581739492551,455.90826416015625,17662800,0.0,0.0,MSFT
2024-07-02 00:00:00-04:00,452.38462669565615,458.763114135567,452.2947618141318,458.45367431640625,13979800,0.0,0.0,MSFT
2024-07-03 00:00:00-04:00,457.36563430230166,460.1905292078966,457.05619448636736,459.94097900390625,9932800,0.0,0.0,MSFT
2024-07-05 00:00:00-04:00,458.78307168504375,467.5073677076921,458.1442389904913,466.7187805175781,16000300,0.0,0.0,MSFT
2024-07-08 00:00:00-04:00,465.71059339028005,466.8585487354724,463.6243572737453,465.4011535644531,12962300,0.0,0.0,MSFT
2024-07-09 00:00:00-04:00,466.15979611649647,466.4891889928316,457.1759884825597,458.7132263183594,17207200,0.0,0.0,MSFT
2024-07-10 00:00:00-04:00,460.3901839011476,465.62074645537155,458.03441412289084,465.4111328125,18196100,0.0,0.0,MSFT
2024-07-11 00:00:00-04:00,462.14702910596276,463.9437784065974,450.73757052011626,453.8819274902344,23111200,0.0,0.0,MSFT
2024-07-12 00:00:00-04:00,453.5125737072739,455.5389201916152,449.8392019313785,452.7339782714844,16324300,0.0,0.0,MSFT
2024-07-15 00:00:00-04:00,452.48443329494324,456.4373305955963,450.61780257874887,453.14324951171875,14429400,0.0,0.0,MSFT
2024-07-16 00:00:00-04:00,453.4027989347938,453.4826416005614,445.8564028188264,448.71124267578125,17175700,0.0,0.0,MSFT
2024-07-17 00:00:00-04:00,441.79369593210816,444.0496395265401,438.3898274906823,442.7220153808594,21778000,0.0,0.0,MSFT
2024-07-18 00:00:00-04:00,443.5405562956479,443.84999611813106,433.61843753799087,439.57769775390625,20794800,0.0,0.0,MSFT
2024-07-19 00:00:00-04:00,432.32078277543104,440.34632592638405,431.2227557769831,436.32354736328125,20940400,0.0,0.0,MSFT
2024-07-22 00:00:00-04:00,440.9951415745854,443.8000833958314,438.12031838604275,442.14306640625,15808800,0.0,0.0,MSFT
2024-07-23 00:00:00-04:00,443.1013491115581,447.5832916213236,442.30280062043124,444.0496520996094,13107100,0.0,0.0,MSFT
2024-07-24 00:00:00-04:00,439.6575641864461,440.6857098144858,426.8206857763536,428.1283264160156,26805800,0.0,0.0,MSFT
2024-07-25 00:00:00-04:00,428.02849922740444,429.0267000469298,416.7588339080866,417.647216796875,29943800,0.0,0.0,MSFT
2024-07-26 00:00:00-04:00,417.4475956401735,428.14830966269454,416.5192457247621,424.5048522949219,23583800,0.0,0.0,MSFT
2024-07-29 00:00:00-04:00,430.8034993953489,431.3724811776246,423.93590329611,425.9622497558594,15125800,0.0,0.0,MSFT
2024-07-30 00:00:00-04:00,426.950470567327,428.27806429980717,416.6090938774579,422.15911865234375,32687600,0.0,0.0,MSFT
2024-07-31 00:00:00-04:00,419.7434462343891,421.0211420698181,411.4683528789598,417.5973205566406,42891400,0.0,0.0,MSFT
2024-08-01 00:00:00-04:00,420.0329297410617,426.6909121222585,412.3467712755952,416.3595275878906,30296400,0.0,0.0,MSFT
2024-08-02 00:00:00-04:00,411.747838603881,414.2533323621259,403.61250816930357,407.7550354003906,29437900,0.0,0.0,MSFT
2024-08-05 00:00:00-04:00,388.46983486087413,400.31847397455925,384.8862670330075,394.4390563964844,40709200,0.0,0.0,MSFT
2024-08-06 00:00:00-04:00,399.2803346769082,404.94014682452905,397.7830334218698,398.8910217285156,24946500,0.0,0.0,MSFT
2024-08-07 00:00:00-04:00,407.9048180980064,409.34219932500315,396.7549009776476,397.7131652832031,20650900,0.0,0.0,MSFT
2024-08-08 00:00:00-04:00,401.71593441788025,405.1297641120261,399.2204324052767,401.9654846191406,20203000,0.0,0.0,MSFT
2024-08-09 00:00:00-04:00,403.3030798438404,407.3158362110672,401.5362753425401,405.28948974609375,19276700,0.0,0.0,MSFT
2024-08-12 00:00:00-04:00,406.32761416420084,408.0245677048975,403.5126806044117,406.07806396484375,16762900,0.0,0.0,MSFT
2024-08-13 00:00:00-04:00,408.85307563224285,414.20344793901165,408.83312258213994,413.26513671875,19414300,0.0,0.0,MSFT
2024-08-14 00:00:00-04:00,414.05369406899246,416.96845391003643,411.70794647746885,416.1099853515625,18267000,0.0,0.0,MSFT
2024-08-15 00:00:00-04:00,419.79998779296875,421.1099853515625,417.6600036621094,421.0299987792969,20752100,0.75,0.0,MSFT
2024-08-16 00:00:00-04:00,420.6000061035156,421.3399963378906,417.29998779296875,418.4700012207031,22775600,0.0,0.0,MSFT
2024-08-19 00:00:00-04:00,418.9599914550781,421.75,416.4599914550781,421.5299987792969,15234000,0.0,0.0,MSFT
2024-08-20 00:00:00-04:00,421.70001220703125,425.8599853515625,421.6400146484375,424.79998779296875,16387600,0.0,0.0,MSFT
2024-08-21 00:00:00-04:00,424.0799865722656,426.3999938964844,421.7200012207031,424.1400146484375,16067300,0.0,0.0,MSFT
2024-08-22 00:00:00-04:00,424.3599853515625,426.7900085449219,414.6099853515625,415.54998779296875,19361900,0.0,0.0,MSFT
2024-08-23 00:00:00-04:00,416.9800109863281,419.260009765625,412.0899963378906,416.7900085449219,18493800,0.0,0.0,MSFT
2024-08-26 00:00:00-04:00,416.3699951171875,417.2799987792969,411.3399963378906,413.489990234375,13152800,0.0,0.0,MSFT
2024-08-27 00:00:00-04:00,412.8599853515625,414.3599853515625,410.25,413.8399963378906,13492900,0.0,0.0,MSFT
2024-08-28 00:00:00-04:00,414.8800048828125,415.0,407.30999755859375,410.6000061035156,14882700,0.0,0.0,MSFT
2024-08-29 00:00:00-04:00,414.94000244140625,422.04998779296875,410.6000061035156,413.1199951171875,17045200,0.0,0.0,MSFT
2024-08-30 00:00:00-04:00,415.6000061035156,417.489990234375,412.1300048828125,417.1400146484375,24308300,0.0,0.0,MSFT
2024-09-03 00:00:00-04:00,417.9100036621094,419.8800048828125,407.0299987792969,409.44000244140625,20313600,0.0,0.0,MSFT
2024-09-04 00:00:00-04:00,405.9100036621094,411.239990234375,404.3699951171875,408.8999938964844,15135800,0.0,0.0,MSFT
2024-09-05 00:00:00-04:00,407.6199951171875,413.1000061035156,406.1300048828125,408.3900146484375,14195500,0.0,0.0,MSFT
2024-09-06 00:00:00-04:00,409.05999755859375,410.6499938964844,400.79998779296875,401.70001220703125,19609500,0.0,0.0,MSFT
2024-09-09 00:00:00-04:00,407.239990234375,408.6499938964844,402.1499938964844,405.7200012207031,15295100,0.0,0.0,MSFT
2024-09-10 00:00:00-04:00,408.20001220703125,416.3299865722656,407.70001220703125,414.20001220703125,19594300,0.0,0.0,MSFT
2024-09-11 00:00:00-04:00,415.5,423.989990234375,409.5799865722656,423.0400085449219,19266900,0.0,0.0,MSFT
2024-09-12 00:00:00-04:00,423.30999755859375,427.3699951171875,419.75,427.0,17418800,0.0,0.0,MSFT
2024-09-13 00:00:00-04:00,425.8299865722656,431.8299865722656,425.4599914550781,430.5899963378906,15874600,0.0,0.0,MSFT
2024-09-16 00:00:00-04:00,430.6000061035156,433.5299987792969,428.2200012207031,431.3399963378906,13834700,0.0,0.0,MSFT
2024-09-17 00:00:00-04:00,440.2300109863281,441.8500061035156,432.2699890136719,435.1499938964844,18874200,0.0,0.0,MSFT
2024-09-18 00:00:00-04:00,435.0,436.0299987792969,430.4100036621094,430.80999755859375,18898000,0.0,0.0,MSFT
2024-09-19 00:00:00-04:00,441.2300109863281,441.5,436.8999938964844,438.69000244140625,21706600,0.0,0.0,MSFT
2024-09-20 00:00:00-04:00,437.2200012207031,439.239990234375,434.2200012207031,435.2699890136719,55167100,0.0,0.0,MSFT
2024-09-23 00:00:00-04:00,434.2799987792969,436.4599914550781,430.3900146484375,433.510009765625,15128900,0.0,0.0,MSFT
2024-09-24 00:00:00-04:00,433.0,433.3500061035156,426.1000061035156,429.1700134277344,17015800,0.0,0.0,MSFT
2024-09-25 00:00:00-04:00,429.8299865722656,433.1199951171875,428.57000732421875,432.1099853515625,13396400,0.0,0.0,MSFT
2024-09-26 00:00:00-04:00,435.0899963378906,435.29998779296875,429.1300048828125,431.30999755859375,14492000,0.0,0.0,MSFT
2024-09-27 00:00:00-04:00,431.5199890136719,431.8500061035156,427.4700012207031,428.0199890136719,14896100,0.0,0.0,MSFT
2024-09-30 00:00:00-04:00,428.2099914550781,430.4200134277344,425.3699951171875,430.29998779296875,16807300,0.0,0.0,MSFT
2024-10-01 00:00:00-04:00,428.45001220703125,428.4800109863281,418.80999755859375,420.69000244140625,19092900,0.0,0.0,MSFT
2024-10-02 00:00:00-04:00,422.5799865722656,422.82000732421875,416.7099914550781,417.1300048828125,16582300,0.0,0.0,MSFT
2024-10-03 00:00:00-04:00,417.6300048828125,419.54998779296875,414.2900085449219,416.5400085449219,13686400,0.0,0.0,MSFT
2024-10-04 00:00:00-04:00,418.239990234375,419.75,414.9700012207031,416.05999755859375,19169700,0.0,0.0,MSFT
2024-10-07 00:00:00-04:00,416.0,417.1099853515625,409.0,409.5400085449219,20919800,0.0,0.0,MSFT
2024-10-08 00:00:00-04:00,410.8999938964844,415.6600036621094,408.1700134277344,414.7099914550781,19229300,0.0,0.0,MSFT
2024-10-09 00:00:00-04:00,415.8599853515625,420.3800048828125,414.29998779296875,417.4599914550781,14974300,0.0,0.0,MSFT
2024-10-10 00:00:00-04:00,415.2300109863281,417.3500061035156,413.1499938964844,415.8399963378906,13848400,0.0,0.0,MSFT
2024-10-11 00:00:00-04:00,416.1400146484375,417.1300048828125,413.25,416.32000732421875,14144900,0.0,0.0,MSFT
2024-10-14 00:00:00-04:00,417.7699890136719,424.0400085449219,417.5199890136719,419.1400146484375,16653100,0.0,0.0,MSFT
2024-10-15 00:00:00-04:00,422.17999267578125,422.4800109863281,415.260009765625,418.739990234375,18900200,0.0,0.0,MSFT
2024-10-16 00:00:00-04:00,415.1700134277344,416.3599853515625,410.4800109863281,416.1199951171875,15508900,0.0,0.0,MSFT
2024-10-17 00:00:00-04:00,422.3599853515625,422.5,415.5899963378906,416.7200012207031,14820000,0.0,0.0,MSFT
2024-10-18 00:00:00-04:00,417.1400146484375,419.6499938964844,416.260009765625,418.1600036621094,17145300,0.0,0.0,MSFT
2024-10-21 00:00:00-04:00,416.1199951171875,418.9599914550781,413.75,418.7799987792969,14206100,0.0,0.0,MSFT
2024-10-22 00:00:00-04:00,418.489990234375,430.5799865722656,418.0400085449219,427.510009765625,25482200,0.0,0.0,MSFT
2024-10-23 00:00:00-04:00,430.8599853515625,431.0799865722656,422.5299987792969,424.6000061035156,19654400,0.0,0.0,MSFT
2024-10-24 00:00:00-04:00,425.3299865722656,425.9800109863281,422.3999938964844,424.7300109863281,13581600,0.0,0.0,MSFT
2024-10-25 00:00:00-04:00,426.760009765625,432.5199890136719,426.57000732421875,428.1499938964844,16899100,0.0,0.0,MSFT
2024-10-28 00:00:00-04:00,431.6600036621094,431.94000244140625,426.29998779296875,426.5899963378906,14882400,0.0,0.0,MSFT
2024-10-29 00:00:00-04:00,428.0,433.1700134277344,425.79998779296875,431.95001220703125,17644100,0.0,0.0,MSFT
2024-10-30 00:00:00-04:00,437.44000244140625,438.5,432.1000061035156,432.5299987792969,29749100,0.0,0.0,MSFT
2024-10-31 00:00:00-04:00,415.3599853515625,416.1600036621094,406.29998779296875,406.3500061035156,53881500,0.0,0.0,MSFT
2024-11-01 00:00:00-04:00,409.010009765625,415.5,407.5,414.30999755859375,12249953,0.0,0.0,MSFT
